uniprot_id|ensembl_gene_id|ensembl_transcript_id|ensembl_translation_id
P31749-1|ENSG00000142208|ENST00000554581|ENSP00000451828
P31749-1|ENSG00000142208|ENST00000402615|ENSP00000385326
P31749-1|ENSG00000142208|ENST00000555528|ENSP00000450688
P31749-1|ENSG00000142208|ENST00000554848|ENSP00000451166
P31749-1|ENSG00000142208|ENST00000349310|ENSP00000270202
P31749-1|ENSG00000142208|ENST00000407796|ENSP00000384293
P31749-1|ENSG00000142208|ENST00000649815|ENSP00000497822
P31751-1|ENSG00000105221|ENST00000392038|ENSP00000375892
P31751-2|ENSG00000105221|ENST00000311278|ENSP00000309428
P31751-2|ENSG00000105221|ENST00000424901|ENSP00000399532
Q9Y243-1|ENSG00000275199|ENST00000621586|ENSP00000479081
Q9Y243-1|ENSG00000117020|ENST00000263826|ENSP00000263826
Q9Y243-1|ENSG00000117020|ENST00000673466|ENSP00000500582
Q9Y243-2|ENSG00000275199|ENST00000613395|ENSP00000479922
Q9Y243-2|ENSG00000117020|ENST00000336199|ENSP00000336943
Q9Y243-2|ENSG00000275199|ENST00000619536|ENSP00000483054
Q9Y243-2|ENSG00000117020|ENST00000366540|ENSP00000355498
Q5VT25-1|ENSG00000143776|ENST00000334218|ENSP00000335341
Q5VT25-3|ENSG00000143776|ENST00000366767|ENSP00000355729
Q5VT25-5|ENSG00000143776|ENST00000366769|ENSP00000355731
O14578-1|ENSG00000122966|ENST00000261833|ENSP00000261833
O14578-2|ENSG00000122966|ENST00000612548|ENSP00000482318
O14578-4|ENSG00000122966|ENST00000392521|ENSP00000376306
Q09013-9|ENSG00000104936|ENST00000291270|ENSP00000291270
Q09013-11|ENSG00000104936|ENST00000447742|ENSP00000413417
Q09013-15|ENSG00000104936|ENST00000458663|ENSP00000401753
Q09013-15|ENSG00000104936|ENST00000618091|ENSP00000482746
Q09013-12|ENSG00000104936|ENST00000354227|ENSP00000346168
Q09013-1|ENSG00000104936|ENST00000343373|ENSP00000345997
P32298-1|ENSG00000125388|ENST00000398052|ENSP00000381129
P32298-2|ENSG00000125388|ENST00000345167|ENSP00000264764
P32298-3|ENSG00000125388|ENST00000398051|ENSP00000381128
P32298-4|ENSG00000125388|ENST00000504933|ENSP00000427445
P43250-1|ENSG00000198055|ENST00000355472|ENSP00000347655
P43250-2|ENSG00000198055|ENST00000528793|ENSP00000433511
P43250-3|ENSG00000198055|ENST00000355958|ENSP00000348230
O95835-1|ENSG00000131023|ENST00000253339|ENSP00000253339
O95835-1|ENSG00000131023|ENST00000543571|ENSP00000437550
O95835-2|ENSG00000131023|ENST00000392273|ENSP00000444678
Q6P0Q8-1|ENSG00000086015|ENST00000361297|ENSP00000354671
O15021-5|ENSG00000069020|ENST00000403625|ENSP00000385727
O15021-2|ENSG00000069020|ENST00000261569|ENSP00000261569
O15021-4|ENSG00000069020|ENST00000406374|ENSP00000385088
O15021-3|ENSG00000069020|ENST00000403666|ENSP00000384313
O15021-6|ENSG00000069020|ENST00000405643|ENSP00000384099
Q96GX5-1|ENSG00000120539|ENST00000375940|ENSP00000365107
Q96GX5-2|ENSG00000120539|ENST00000342386|ENSP00000343446
Q96GX5-3|ENSG00000120539|ENST00000375946|ENSP00000365113
O15530-1|ENSG00000140992|ENST00000342085|ENSP00000344220
O15530-4|ENSG00000140992|ENST00000268673|ENSP00000268673
O15530-5|ENSG00000140992|ENST00000441549|ENSP00000395357
Q16512-1|ENSG00000123143|ENST00000242783|ENSP00000242783
Q16512-2|ENSG00000123143|ENST00000342216|ENSP00000343325
Q16513-1|ENSG00000065243|ENST00000370521|ENSP00000359552
Q16513-3|ENSG00000065243|ENST00000370513|ENSP00000359544
P17612-1|ENSG00000072062|ENST00000308677|ENSP00000309591
P17612-1|ENSG00000288516|ENST00000673550|ENSP00000499940
P17612-2|ENSG00000072062|ENST00000589994|ENSP00000466651
P17612-2|ENSG00000288516|ENST00000672938|ENSP00000500293
P22694-1|ENSG00000142875|ENST00000370689|ENSP00000359723
P22694-2|ENSG00000142875|ENST00000370685|ENSP00000359719
P22694-3|ENSG00000142875|ENST00000610703|ENSP00000481980
P22694-6|ENSG00000142875|ENST00000614872|ENSP00000479722
P22694-7|ENSG00000142875|ENST00000370682|ENSP00000359716
P22694-8|ENSG00000142875|ENST00000370688|ENSP00000359722
P22694-9|ENSG00000142875|ENST00000446538|ENSP00000401252
P22694-10|ENSG00000142875|ENST00000394839|ENSP00000378315
P05771-1|ENSG00000166501|ENST00000321728|ENSP00000318315
P05771-2|ENSG00000166501|ENST00000643927|ENSP00000496129
Q05655-1|ENSG00000163932|ENST00000394729|ENSP00000378217
Q05655-1|ENSG00000163932|ENST00000330452|ENSP00000331602
Q05655-1|ENSG00000163932|ENST00000652449|ENSP00000498400
Q05655-1|ENSG00000163932|ENST00000650739|ENSP00000498623
Q05655-1|ENSG00000163932|ENST00000654719|ENSP00000499558
P05129-1|ENSG00000126583|ENST00000263431|ENSP00000263431
P24723-1|ENSG00000027075|ENST00000332981|ENSP00000329127
P24723-2|ENSG00000027075|ENST00000555082|ENSP00000450981
Q04759-1|ENSG00000065675|ENST00000263125|ENSP00000263125
Q04759-2|ENSG00000065675|ENST00000397176|ENSP00000380361
Q04759-3|ENSG00000065675|ENST00000539722|ENSP00000441752
Q05513-1|ENSG00000067606|ENST00000378567|ENSP00000367830
Q05513-2|ENSG00000067606|ENST00000400921|ENSP00000383712
Q05513-3|ENSG00000067606|ENST00000461106|ENSP00000426412
Q13976-1|ENSG00000185532|ENST00000401604|ENSP00000384200
Q13976-2|ENSG00000185532|ENST00000373980|ENSP00000363092
Q13237-1|ENSG00000138669|ENST00000395578|ENSP00000378945
Q13237-1|ENSG00000138669|ENST00000264399|ENSP00000264399
Q13237-2|ENSG00000138669|ENST00000628926|ENSP00000486129
Q15418-1|ENSG00000117676|ENST00000374168|ENSP00000363283
Q15418-1|ENSG00000281877|ENST00000629832|ENSP00000486881
Q15418-2|ENSG00000117676|ENST00000531382|ENSP00000435412
Q15418-2|ENSG00000281877|ENST00000628256|ENSP00000487349
Q15418-3|ENSG00000117676|ENST00000526792|ENSP00000431651
Q15418-3|ENSG00000281877|ENST00000631108|ENSP00000487166
Q15418-4|ENSG00000117676|ENST00000530003|ENSP00000432281
Q15418-4|ENSG00000281877|ENST00000628081|ENSP00000487553
Q15349-1|ENSG00000071242|ENST00000265678|ENSP00000265678
Q15349-3|ENSG00000071242|ENST00000503859|ENSP00000427015
O75676-1|ENSG00000162302|ENST00000334205|ENSP00000333896
O75582-1|ENSG00000100784|ENST00000614987|ENSP00000479667
O75582-2|ENSG00000100784|ENST00000418736|ENSP00000402787
O75582-3|ENSG00000100784|ENST00000536315|ENSP00000442803
Q9UK32-1|ENSG00000072133|ENST00000262752|ENSP00000262752
Q9UK32-2|ENSG00000072133|ENST00000620340|ENSP00000483896
P23443-1|ENSG00000108443|ENST00000225577|ENSP00000225577
P23443-3|ENSG00000108443|ENST00000393021|ENSP00000376744
P23443-5|ENSG00000108443|ENST00000443572|ENSP00000441993
P23443-4|ENSG00000108443|ENST00000406116|ENSP00000384335
Q9UBS0-1|ENSG00000175634|ENST00000312629|ENSP00000308413
Q9UBS0-2|ENSG00000175634|ENST00000528964|ENSP00000432847
O00141-1|ENSG00000118515|ENST00000237305|ENSP00000237305
O00141-2|ENSG00000118515|ENST00000367858|ENSP00000356832
O00141-3|ENSG00000118515|ENST00000413996|ENSP00000396242
O00141-4|ENSG00000118515|ENST00000367857|ENSP00000356831
O00141-5|ENSG00000118515|ENST00000528577|ENSP00000434450
Q9HBY8-1|ENSG00000101049|ENST00000341458|ENSP00000340608
Q9HBY8-2|ENSG00000101049|ENST00000373100|ENSP00000362192
Q9HBY8-2|ENSG00000101049|ENST00000423407|ENSP00000392795
Q9HBY8-3|ENSG00000101049|ENST00000426287|ENSP00000412214
Q96BR1-1|ENSG00000104205|ENST00000519289|ENSP00000429022
Q96BR1-1|ENSG00000104205|ENST00000521198|ENSP00000430463
Q96BR1-1|ENSG00000104205|ENST00000396596|ENSP00000379842
Q96BR1-1|ENSG00000104205|ENST00000522398|ENSP00000430256
Q96BR1-1|ENSG00000104205|ENST00000345714|ENSP00000331816
Q96BR1-2|ENSG00000104205|ENST00000520976|ENSP00000430691
Q9Y2H1-1|ENSG00000211455|ENST00000389032|ENSP00000373684
Q8TDC3-1|ENSG00000160469|ENST00000309383|ENSP00000310649
Q8TDC3-2|ENSG00000160469|ENST00000590333|ENSP00000468190
Q8TDC3-3|ENSG00000160469|ENST00000585418|ENSP00000467357
Q8IWQ3-1|ENSG00000174672|ENST00000528841|ENSP00000432000
Q8IWQ3-2|ENSG00000174672|ENST00000531197|ENSP00000431152
Q8IWQ3-2|ENSG00000174672|ENST00000529433|ENSP00000433684
Q8IWQ3-3|ENSG00000174672|ENST00000308219|ENSP00000310697
Q8IWQ3-4|ENSG00000174672|ENST00000526678|ENSP00000433370
Q8IWQ3-5|ENSG00000174672|ENST00000382179|ENSP00000371614
Q8IWQ3-6|ENSG00000174672|ENST00000528710|ENSP00000433235
Q8IU85-1|ENSG00000183049|ENST00000619168|ENSP00000478874
Q8IU85-2|ENSG00000183049|ENST00000378845|ENSP00000368122
Q96NX5-1|ENSG00000008118|ENST00000361322|ENSP00000354861
Q96NX5-1|ENSG00000008118|ENST00000009105|ENSP00000009105
Q9UQM7-1|ENSG00000070808|ENST00000348628|ENSP00000261793
Q9UQM7-1|ENSG00000070808|ENST00000672479|ENSP00000500642
Q9UQM7-2|ENSG00000070808|ENST00000671881|ENSP00000500386
Q13554-1|ENSG00000058404|ENST00000395749|ENSP00000379098
Q13554-2|ENSG00000058404|ENST00000350811|ENSP00000326375
Q13554-2|ENSG00000058404|ENST00000440254|ENSP00000397937
Q13554-3|ENSG00000058404|ENST00000358707|ENSP00000351542
Q13554-4|ENSG00000058404|ENST00000353625|ENSP00000326427
Q13554-5|ENSG00000058404|ENST00000395747|ENSP00000379096
Q13554-5|ENSG00000058404|ENST00000457475|ENSP00000390292
Q13554-6|ENSG00000058404|ENST00000347193|ENSP00000326544
Q13554-7|ENSG00000058404|ENST00000346990|ENSP00000326518
Q13554-8|ENSG00000058404|ENST00000258682|ENSP00000258682
Q13557-1|ENSG00000145349|ENST00000342666|ENSP00000339740
Q13557-3|ENSG00000145349|ENST00000515496|ENSP00000423482
Q13557-8|ENSG00000145349|ENST00000296402|ENSP00000296402
Q13557-8|ENSG00000145349|ENST00000379773|ENSP00000369098
Q13557-9|ENSG00000145349|ENST00000508738|ENSP00000422566
Q13557-10|ENSG00000145349|ENST00000394522|ENSP00000378030
Q13557-12|ENSG00000145349|ENST00000394524|ENSP00000378032
Q13555-1|ENSG00000148660|ENST00000423381|ENSP00000410298
Q13555-4|ENSG00000148660|ENST00000305762|ENSP00000307082
Q13555-5|ENSG00000148660|ENST00000322635|ENSP00000315599
Q13555-10|ENSG00000148660|ENST00000351293|ENSP00000277853
Q13555-11|ENSG00000148660|ENST00000394762|ENSP00000378243
Q8NCB2-1|ENSG00000164076|ENST00000477224|ENSP00000419195
Q8NCB2-2|ENSG00000164076|ENST00000620470|ENSP00000484045
Q8NCB2-2|ENSG00000164076|ENST00000296471|ENSP00000296471
Q8NCB2-3|ENSG00000164076|ENST00000488336|ENSP00000418809
O14936-1|ENSG00000147044|ENST00000378163|ENSP00000367405
O14936-2|ENSG00000147044|ENST00000645566|ENSP00000494788
O14936-3|ENSG00000147044|ENST00000644347|ENSP00000494183
O14936-4|ENSG00000147044|ENST00000421587|ENSP00000400526
O14936-6|ENSG00000147044|ENST00000378154|ENSP00000367396
O14757-1|ENSG00000149554|ENST00000428830|ENSP00000412504
O14757-1|ENSG00000149554|ENST00000438015|ENSP00000388648
O14757-1|ENSG00000149554|ENST00000532449|ENSP00000481616
O14757-1|ENSG00000149554|ENST00000534070|ENSP00000435371
O14757-1|ENSG00000149554|ENST00000524737|ENSP00000432890
O14757-2|ENSG00000149554|ENST00000544373|ENSP00000442317
O14757-3|ENSG00000149554|ENST00000278916|ENSP00000278916
O96017-1|ENSG00000183765|ENST00000404276|ENSP00000385747
O96017-1|ENSG00000183765|ENST00000405598|ENSP00000386087
O96017-1|ENSG00000183765|ENST00000650281|ENSP00000497000
O96017-4|ENSG00000183765|ENST00000403642|ENSP00000384919
O96017-5|ENSG00000183765|ENST00000417588|ENSP00000412901
O96017-6|ENSG00000183765|ENST00000448511|ENSP00000404567
O96017-8|ENSG00000183765|ENST00000433728|ENSP00000404400
O96017-9|ENSG00000183765|ENST00000382580|ENSP00000372023
O96017-12|ENSG00000183765|ENST00000402731|ENSP00000384835
O96017-12|ENSG00000183765|ENST00000348295|ENSP00000329012
O96017-13|ENSG00000183765|ENST00000649563|ENSP00000496928
P53355-1|ENSG00000196730|ENST00000358077|ENSP00000350785
P53355-1|ENSG00000196730|ENST00000472284|ENSP00000417076
P53355-1|ENSG00000196730|ENST00000408954|ENSP00000386135
P53355-1|ENSG00000196730|ENST00000622514|ENSP00000484267
P53355-4|ENSG00000196730|ENST00000469640|ENSP00000418885
P53355-4|ENSG00000196730|ENST00000491893|ENSP00000419026
Q9UIK4-1|ENSG00000035664|ENST00000261891|ENSP00000261891
Q9UIK4-1|ENSG00000035664|ENST00000457488|ENSP00000408277
Q9UIK4-2|ENSG00000035664|ENST00000558069|ENSP00000453235
Q9UIK4-2|ENSG00000035664|ENST00000612884|ENSP00000484390
O43293-1|ENSG00000167657|ENST00000301264|ENSP00000301264
O43293-1|ENSG00000167657|ENST00000545797|ENSP00000442973
O15075-1|ENSG00000133083|ENST00000360631|ENSP00000353846
O15075-2|ENSG00000133083|ENST00000255448|ENSP00000255448
O15075-3|ENSG00000133083|ENST00000615680|ENSP00000484452
O15075-4|ENSG00000133083|ENST00000379893|ENSP00000369223
Q8N568-1|ENSG00000170390|ENST00000296550|ENSP00000296550
Q8N568-2|ENSG00000170390|ENST00000506325|ENSP00000427235
Q8N568-3|ENSG00000170390|ENST00000302176|ENSP00000303887
O60229-1|ENSG00000160145|ENST00000360013|ENSP00000353109
O60229-2|ENSG00000160145|ENST00000240874|ENSP00000240874
O60229-4|ENSG00000160145|ENST00000291478|ENSP00000291478
P49137-1|ENSG00000162889|ENST00000367103|ENSP00000356070
P49137-2|ENSG00000162889|ENST00000294981|ENSP00000294981
Q8IW41-1|ENSG00000089022|ENST00000551404|ENSP00000449381
Q8IW41-2|ENSG00000089022|ENST00000550735|ENSP00000449667
Q9P0L2-1|ENSG00000116141|ENST00000366917|ENSP00000355884
Q9P0L2-3|ENSG00000116141|ENST00000366918|ENSP00000355885
Q7KZI7-1|ENSG00000072518|ENST00000402010|ENSP00000385751
Q7KZI7-5|ENSG00000072518|ENST00000361128|ENSP00000355091
Q7KZI7-6|ENSG00000072518|ENST00000513765|ENSP00000421075
Q7KZI7-13|ENSG00000072518|ENST00000408948|ENSP00000386128
Q7KZI7-14|ENSG00000072518|ENST00000509502|ENSP00000423974
Q7KZI7-15|ENSG00000072518|ENST00000350490|ENSP00000294247
Q7KZI7-16|ENSG00000072518|ENST00000508192|ENSP00000425765
P27448-5|ENSG00000075413|ENST00000429436|ENSP00000411397
P27448-2|ENSG00000075413|ENST00000416682|ENSP00000408092
P27448-3|ENSG00000075413|ENST00000303622|ENSP00000303698
P27448-4|ENSG00000075413|ENST00000553942|ENSP00000450772
P27448-6|ENSG00000075413|ENST00000216288|ENSP00000216288
P27448-8|ENSG00000075413|ENST00000440884|ENSP00000402104
Q96L34-1|ENSG00000007047|ENST00000262891|ENSP00000262891
Q96L34-2|ENSG00000007047|ENST00000300843|ENSP00000300843
Q14680-1|ENSG00000165304|ENST00000298048|ENSP00000298048
Q14680-2|ENSG00000165304|ENST00000545008|ENSP00000445452
Q14680-4|ENSG00000165304|ENST00000536987|ENSP00000439184
Q14680-5|ENSG00000165304|ENST00000536329|ENSP00000443550
Q14680-6|ENSG00000165304|ENST00000543751|ENSP00000441596
Q14680-7|ENSG00000165304|ENST00000541717|ENSP00000437804
Q14680-8|ENSG00000165304|ENST00000536860|ENSP00000439792
Q9BUB5-1|ENSG00000079277|ENST00000649800|ENSP00000498083
Q9BUB5-2|ENSG00000079277|ENST00000650508|ENSP00000498143
Q9BUB5-3|ENSG00000079277|ENST00000650026|ENSP00000497380
Q9HBH9-1|ENSG00000099875|ENST00000591601|ENSP00000467811
Q9HBH9-1|ENSG00000099875|ENST00000250896|ENSP00000250896
Q9HBH9-2|ENSG00000099875|ENST00000309340|ENSP00000309485
Q15746-1|ENSG00000065534|ENST00000475616|ENSP00000418335
Q15746-1|ENSG00000065534|ENST00000360304|ENSP00000353452
Q15746-2|ENSG00000065534|ENST00000354792|ENSP00000346846
Q15746-2|ENSG00000065534|ENST00000346322|ENSP00000320622
Q15746-3|ENSG00000065534|ENST00000359169|ENSP00000352088
Q15746-3|ENSG00000065534|ENST00000360772|ENSP00000354004
Q15746-8|ENSG00000065534|ENST00000418370|ENSP00000428967
Q15746-8|ENSG00000065534|ENST00000583087|ENSP00000462118
Q15746-10|ENSG00000065534|ENST00000578202|ENSP00000463691
Q32MK0-3|ENSG00000140795|ENST00000394809|ENSP00000378288
Q32MK0-4|ENSG00000140795|ENST00000536476|ENSP00000439297
Q86YV6-1|ENSG00000145949|ENST00000274643|ENSP00000274643
O60285-1|ENSG00000074590|ENST00000261402|ENSP00000261402
Q5VST9-1|ENSG00000154358|ENST00000422127|ENSP00000409493
Q5VST9-1|ENSG00000154358|ENST00000636875|ENSP00000490900
Q5VST9-2|ENSG00000154358|ENST00000636476|ENSP00000489816
Q5VST9-3|ENSG00000154358|ENST00000284548|ENSP00000284548
Q5VST9-6|ENSG00000154358|ENST00000662438|ENSP00000499633
Q96RG2-1|ENSG00000115687|ENST00000234040|ENSP00000234040
Q96RG2-1|ENSG00000115687|ENST00000405260|ENSP00000384016
Q96RG2-1|ENSG00000115687|ENST00000544142|ENSP00000441374
Q96RG2-2|ENSG00000115687|ENST00000358649|ENSP00000351475
Q96RG2-4|ENSG00000115687|ENST00000403638|ENSP00000384438
Q16816-1|ENSG00000164776|ENST00000297373|ENSP00000297373
Q16816-2|ENSG00000164776|ENST00000452681|ENSP00000445440
P15735-1|ENSG00000156873|ENST00000563588|ENSP00000455607
P15735-2|ENSG00000156873|ENST00000424889|ENSP00000388571
P11309-1|ENSG00000137193|ENST00000373509|ENSP00000362608
Q6P2M8-1|ENSG00000130822|ENST00000370150|ENSP00000359169
Q6P2M8-1|ENSG00000130822|ENST00000340888|ENSP00000340586
Q6P2M8-2|ENSG00000130822|ENST00000370142|ENSP00000359161
Q6P2M8-5|ENSG00000130822|ENST00000447676|ENSP00000405950
Q6P2M8-6|ENSG00000130822|ENST00000370145|ENSP00000359164
Q13131-1|ENSG00000132356|ENST00000397128|ENSP00000380317
Q13131-2|ENSG00000132356|ENST00000354209|ENSP00000346148
Q9BZL6-1|ENSG00000105287|ENST00000291281|ENSP00000291281
Q9BZL6-1|ENSG00000105287|ENST00000433867|ENSP00000393978
Q9BZL6-2|ENSG00000105287|ENST00000600194|ENSP00000472744
Q9BZL6-2|ENSG00000105287|ENST00000601806|ENSP00000469106
Q9BZL6-3|ENSG00000105287|ENST00000595515|ENSP00000470804
O94806-1|ENSG00000115825|ENST00000234179|ENSP00000234179
O94806-1|ENSG00000115825|ENST00000379066|ENSP00000368356
Q9Y2K2-5|ENSG00000160584|ENST00000375300|ENSP00000364449
Q9Y2K2-8|ENSG00000160584|ENST00000446921|ENSP00000390442
Q9NRH2-1|ENSG00000163788|ENST00000454177|ENSP00000401246
Q9NRH2-1|ENSG00000163788|ENST00000429705|ENSP00000411375
Q9NRH2-1|ENSG00000163788|ENST00000296088|ENSP00000296088
Q15772-5|ENSG00000072195|ENST00000312358|ENSP00000311684
Q15772-4|ENSG00000072195|ENST00000396688|ENSP00000379919
Q15772-4|ENSG00000072195|ENST00000396686|ENSP00000379917
Q15772-4|ENSG00000072195|ENST00000396689|ENSP00000379920
Q15831-1|ENSG00000118046|ENST00000326873|ENSP00000324856
Q15831-2|ENSG00000118046|ENST00000652231|ENSP00000498804
Q9BYT3-1|ENSG00000130413|ENST00000447869|ENSP00000416750
Q9BYT3-1|ENSG00000130413|ENST00000315204|ENSP00000320754
Q9BYT3-1|ENSG00000130413|ENST00000396672|ENSP00000379905
Q8N2I9-1|ENSG00000196182|ENST00000373129|ENSP00000362221
Q8N2I9-1|ENSG00000196182|ENST00000373132|ENSP00000362224
Q8N2I9-3|ENSG00000196182|ENST00000359297|ENSP00000352245
Q8N2I9-4|ENSG00000196182|ENST00000373130|ENSP00000362222
Q96RU8-1|ENSG00000173334|ENST00000311922|ENSP00000312150
Q96RU8-2|ENSG00000173334|ENST00000520847|ENSP00000429063
O75962-1|ENSG00000038382|ENST00000344204|ENSP00000339299
O75962-3|ENSG00000038382|ENST00000344135|ENSP00000339291
Q6SA08-1|ENSG00000285140|ENST00000643387|ENSP00000495573
Q6SA08-1|ENSG00000139908|ENST00000287913|ENSP00000287913
Q6SA08-2|ENSG00000285140|ENST00000645272|ENSP00000496710
Q6SA08-2|ENSG00000139908|ENST00000339917|ENSP00000339179
Q6SA08-3|ENSG00000285140|ENST00000645264|ENSP00000496404
Q6SA08-3|ENSG00000139908|ENST00000556621|ENSP00000452054
Q8WZ42-1|ENSG00000155657|ENST00000615779|ENSP00000483597
Q8WZ42-1|ENSG00000155657|ENST00000591111|ENSP00000465570
Q8WZ42-3|ENSG00000155657|ENST00000460472|ENSP00000434586
Q8WZ42-6|ENSG00000155657|ENST00000360870|ENSP00000354117
Q8WZ42-10|ENSG00000155657|ENST00000359218|ENSP00000352154
Q8WZ42-11|ENSG00000155657|ENST00000342992|ENSP00000343764
P48729-1|ENSG00000113712|ENST00000377843|ENSP00000367074
P48729-2|ENSG00000113712|ENST00000261798|ENSP00000261798
P48729-3|ENSG00000113712|ENST00000657001|ENSP00000499757
P48730-1|ENSG00000141551|ENST00000314028|ENSP00000324464
P48730-2|ENSG00000141551|ENST00000392334|ENSP00000376146
Q9HCP0-1|ENSG00000169118|ENST00000303052|ENSP00000305777
Q9HCP0-2|ENSG00000169118|ENST00000606225|ENSP00000475325
Q9Y6M4-1|ENSG00000151292|ENST00000361991|ENSP00000354942
Q9Y6M4-2|ENSG00000151292|ENST00000360683|ENSP00000353904
Q9Y6M4-3|ENSG00000151292|ENST00000345990|ENSP00000334735
Q9Y6M4-3|ENSG00000151292|ENST00000521364|ENSP00000429412
Q9Y6M4-4|ENSG00000151292|ENST00000510842|ENSP00000423838
Q9Y6M4-5|ENSG00000151292|ENST00000512718|ENSP00000421998
Q9Y6M4-6|ENSG00000151292|ENST00000511130|ENSP00000421385
Q5TCY1-1|ENSG00000146216|ENST00000259750|ENSP00000259750
Q6IQ55-1|ENSG00000128881|ENST00000267890|ENSP00000267890
Q6IQ55-3|ENSG00000128881|ENST00000567840|ENSP00000455734
Q86Y07-1|ENSG00000028116|ENST00000435505|ENSP00000408002
Q86Y07-1|ENSG00000028116|ENST00000340157|ENSP00000342381
Q86Y07-2|ENSG00000028116|ENST00000648897|ENSP00000497378
Q86Y07-3|ENSG00000028116|ENST00000440705|ENSP00000398323
Q86Y07-4|ENSG00000028116|ENST00000412104|ENSP00000404156
Q86Y07-5|ENSG00000028116|ENST00000417641|ENSP00000402375
Q8IV63-1|ENSG00000105053|ENST00000316763|ENSP00000324636
Q8IV63-1|ENSG00000105053|ENST00000599538|ENSP00000469880
Q8IV63-1|ENSG00000105053|ENST00000594948|ENSP00000473171
Q8IV63-2|ENSG00000105053|ENST00000594092|ENSP00000472541
Q8IV63-3|ENSG00000105053|ENST00000377011|ENSP00000366210
Q8IV63-3|ENSG00000105053|ENST00000601341|ENSP00000470156
P06493-1|ENSG00000170312|ENST00000395284|ENSP00000378699
P06493-2|ENSG00000170312|ENST00000316629|ENSP00000325970
P06493-2|ENSG00000170312|ENST00000373809|ENSP00000362915
Q15131-1|ENSG00000185324|ENST00000353379|ENSP00000338673
Q15131-4|ENSG00000185324|ENST00000505473|ENSP00000424415
Q15131-4|ENSG00000185324|ENST00000617879|ENSP00000484357
Q9UQ88-1|ENSG00000008128|ENST00000378633|ENSP00000367900
Q9UQ88-2|ENSG00000008128|ENST00000404249|ENSP00000384442
Q9UQ88-4|ENSG00000008128|ENST00000358779|ENSP00000351629
P21127-1|ENSG00000248333|ENST00000407249|ENSP00000464036
P21127-2|ENSG00000248333|ENST00000341832|ENSP00000463048
P21127-9|ENSG00000248333|ENST00000340677|ENSP00000464016
Q9NYV4-1|ENSG00000167258|ENST00000447079|ENSP00000398880
Q9NYV4-2|ENSG00000167258|ENST00000430627|ENSP00000407720
Q14004-1|ENSG00000065883|ENST00000181839|ENSP00000181839
Q14004-2|ENSG00000065883|ENST00000340829|ENSP00000340557
O94921-1|ENSG00000058091|ENST00000380050|ENSP00000369390
O94921-2|ENSG00000058091|ENST00000265741|ENSP00000265741
O94921-3|ENSG00000058091|ENST00000406263|ENSP00000385034
Q96Q40-1|ENSG00000138395|ENST00000652192|ENSP00000498608
Q96Q40-3|ENSG00000138395|ENST00000434439|ENSP00000412775
Q96Q40-4|ENSG00000138395|ENST00000410091|ENSP00000386901
Q96Q40-4|ENSG00000138395|ENST00000260967|ENSP00000260967
Q96Q40-5|ENSG00000138395|ENST00000450471|ENSP00000406472
Q00536-1|ENSG00000102225|ENST00000357227|ENSP00000349762
Q00536-1|ENSG00000102225|ENST00000518022|ENSP00000429751
Q00536-2|ENSG00000102225|ENST00000276052|ENSP00000276052
Q00536-3|ENSG00000102225|ENST00000457458|ENSP00000405798
Q00537-1|ENSG00000059758|ENST00000261211|ENSP00000261211
Q00537-2|ENSG00000059758|ENST00000543119|ENSP00000444459
Q07002-2|ENSG00000117266|ENST00000429964|ENSP00000399082
Q07002-2|ENSG00000117266|ENST00000360066|ENSP00000353176
Q07002-3|ENSG00000117266|ENST00000506784|ENSP00000423665
Q9BWU1-1|ENSG00000155111|ENST00000368911|ENSP00000357907
Q9BWU1-2|ENSG00000155111|ENST00000323817|ENSP00000317665
P24941-1|ENSG00000123374|ENST00000266970|ENSP00000266970
P24941-2|ENSG00000123374|ENST00000354056|ENSP00000243067
Q8IZL9-1|ENSG00000156345|ENST00000325303|ENSP00000322343
Q8IZL9-2|ENSG00000156345|ENST00000375871|ENSP00000365031
Q8IZL9-3|ENSG00000156345|ENST00000605159|ENSP00000474485
Q8IZL9-4|ENSG00000156345|ENST00000336654|ENSP00000338975
Q8IZL9-5|ENSG00000156345|ENST00000375883|ENSP00000365043
P11802-1|ENSG00000135446|ENST00000257904|ENSP00000257904
Q00535-1|ENSG00000164885|ENST00000485972|ENSP00000419782
Q00535-2|ENSG00000164885|ENST00000297518|ENSP00000297518
P49336-1|ENSG00000132964|ENST00000381527|ENSP00000370938
P50750-1|ENSG00000136807|ENST00000373264|ENSP00000362361
Q8IVW4-1|ENSG00000006837|ENST00000265334|ENSP00000265334
Q8IVW4-2|ENSG00000006837|ENST00000523832|ENSP00000430496
Q5MAI5-1|ENSG00000205111|ENST00000395035|ENSP00000378476
Q5MAI5-2|ENSG00000205111|ENST00000378803|ENSP00000368080
O76039-1|ENSG00000008086|ENST00000379996|ENSP00000369332
O76039-1|ENSG00000008086|ENST00000379989|ENSP00000369325
O76039-2|ENSG00000008086|ENST00000623535|ENSP00000485244
P49759-1|ENSG00000013441|ENST00000321356|ENSP00000326830
P49759-2|ENSG00000013441|ENST00000432425|ENSP00000400487
P49759-3|ENSG00000013441|ENST00000434813|ENSP00000394734
P49760-1|ENSG00000176444|ENST00000368361|ENSP00000357345
P49760-1|ENSG00000261893|ENST00000574445|ENSP00000460443
P49760-3|ENSG00000176444|ENST00000361168|ENSP00000354856
P49760-3|ENSG00000261893|ENST00000572269|ENSP00000459461
P49761-4|ENSG00000179335|ENST00000395066|ENSP00000378505
P49761-1|ENSG00000179335|ENST00000345005|ENSP00000344112
P49761-2|ENSG00000179335|ENST00000483723|ENSP00000431825
Q13627-1|ENSG00000157540|ENST00000644942|ENSP00000494544
Q13627-1|ENSG00000157540|ENST00000398960|ENSP00000381932
Q13627-1|ENSG00000157540|ENST00000339659|ENSP00000340373
Q13627-2|ENSG00000157540|ENST00000647425|ENSP00000496748
Q13627-2|ENSG00000157540|ENST00000647188|ENSP00000494572
Q13627-2|ENSG00000157540|ENST00000643624|ENSP00000493627
Q13627-2|ENSG00000157540|ENST00000646548|ENSP00000495908
Q13627-3|ENSG00000157540|ENST00000398956|ENSP00000381929
Q13627-4|ENSG00000157540|ENST00000645424|ENSP00000494897
Q13627-5|ENSG00000157540|ENST00000338785|ENSP00000342690
Q9Y463-1|ENSG00000105204|ENST00000593685|ENSP00000469863
Q9Y463-1|ENSG00000281320|ENST00000631090|ENSP00000486377
Q9Y463-1|ENSG00000105204|ENST00000323039|ENSP00000312789
Q9Y463-1|ENSG00000281320|ENST00000625757|ENSP00000485915
Q9Y463-2|ENSG00000105204|ENST00000430012|ENSP00000403182
Q9Y463-2|ENSG00000281320|ENST00000627034|ENSP00000487539
Q9Y463-3|ENSG00000105204|ENST00000597639|ENSP00000472941
Q9Y463-3|ENSG00000281320|ENST00000625438|ENSP00000487313
Q9Y463-3|ENSG00000105204|ENST00000348817|ENSP00000221803
Q9Y463-3|ENSG00000281320|ENST00000625388|ENSP00000486839
Q92630-1|ENSG00000127334|ENST00000344096|ENSP00000342105
Q92630-2|ENSG00000127334|ENST00000393555|ENSP00000377186
O43781-1|ENSG00000143479|ENST00000367109|ENSP00000356076
O43781-2|ENSG00000143479|ENST00000367108|ENSP00000356075
O43781-2|ENSG00000143479|ENST00000367106|ENSP00000356073
Q9NR20-1|ENSG00000010219|ENST00000540757|ENSP00000441755
Q9NR20-1|ENSG00000010219|ENST00000010132|ENSP00000010132
P49841-1|ENSG00000082701|ENST00000264235|ENSP00000264235
P49841-2|ENSG00000082701|ENST00000316626|ENSP00000324806
Q86Z02-1|ENSG00000163349|ENST00000426820|ENSP00000407442
Q86Z02-1|ENSG00000163349|ENST00000369558|ENSP00000358571
Q86Z02-2|ENSG00000163349|ENST00000369559|ENSP00000358572
Q86Z02-3|ENSG00000163349|ENST00000340480|ENSP00000340956
Q86Z02-4|ENSG00000163349|ENST00000369553|ENSP00000358566
Q9H2X6-1|ENSG00000064393|ENST00000406875|ENSP00000385571
Q9H2X6-3|ENSG00000064393|ENST00000428878|ENSP00000413724
Q9H422-1|ENSG00000110422|ENST00000303296|ENSP00000304226
Q9H422-2|ENSG00000110422|ENST00000525975|ENSP00000431710
Q9H422-2|ENSG00000110422|ENST00000379016|ENSP00000368301
Q9H422-2|ENSG00000110422|ENST00000456517|ENSP00000398241
Q9UPZ9-1|ENSG00000112144|ENST00000350082|ENSP00000263043
Q9UPZ9-1|ENSG00000112144|ENST00000356971|ENSP00000349458
P20794-1|ENSG00000111837|ENST00000313243|ENSP00000313021
P20794-1|ENSG00000111837|ENST00000474039|ENSP00000476067
P20794-2|ENSG00000111837|ENST00000354489|ENSP00000346484
P20794-3|ENSG00000111837|ENST00000536370|ENSP00000442221
P28482-1|ENSG00000100030|ENST00000215832|ENSP00000215832
P28482-1|ENSG00000100030|ENST00000398822|ENSP00000381803
P28482-2|ENSG00000100030|ENST00000544786|ENSP00000440842
P53779-1|ENSG00000109339|ENST00000638313|ENSP00000492292
P53779-1|ENSG00000109339|ENST00000641341|ENSP00000493290
P53779-1|ENSG00000109339|ENST00000641983|ENSP00000493045
P53779-1|ENSG00000109339|ENST00000641066|ENSP00000493072
P53779-1|ENSG00000109339|ENST00000515650|ENSP00000492204
P53779-1|ENSG00000109339|ENST00000641647|ENSP00000493375
P53779-1|ENSG00000109339|ENST00000641823|ENSP00000493408
P53779-1|ENSG00000109339|ENST00000641462|ENSP00000493435
P53779-1|ENSG00000109339|ENST00000641207|ENSP00000493450
P53779-1|ENSG00000109339|ENST00000641902|ENSP00000492903
P53779-1|ENSG00000109339|ENST00000641952|ENSP00000493013
P53779-1|ENSG00000109339|ENST00000515400|ENSP00000424154
P53779-1|ENSG00000109339|ENST00000641051|ENSP00000493275
P53779-1|ENSG00000109339|ENST00000641157|ENSP00000493363
P53779-2|ENSG00000109339|ENST00000642038|ENSP00000492942
P53779-2|ENSG00000109339|ENST00000640858|ENSP00000491122
P53779-2|ENSG00000109339|ENST00000640970|ENSP00000492231
P53779-2|ENSG00000109339|ENST00000395157|ENSP00000378586
P53779-2|ENSG00000109339|ENST00000639234|ENSP00000491306
P53779-2|ENSG00000109339|ENST00000641410|ENSP00000493208
P53779-2|ENSG00000109339|ENST00000641274|ENSP00000492929
P53779-2|ENSG00000109339|ENST00000641170|ENSP00000493237
P53779-2|ENSG00000109339|ENST00000641862|ENSP00000493396
P53779-2|ENSG00000109339|ENST00000641050|ENSP00000493270
P53779-3|ENSG00000109339|ENST00000639242|ENSP00000491089
P53779-3|ENSG00000109339|ENST00000395166|ENSP00000378595
P53779-3|ENSG00000109339|ENST00000641803|ENSP00000493049
P53779-3|ENSG00000109339|ENST00000639175|ENSP00000491160
P53779-3|ENSG00000109339|ENST00000638225|ENSP00000491866
P53779-3|ENSG00000109339|ENST00000641943|ENSP00000492941
P53779-3|ENSG00000109339|ENST00000642103|ENSP00000493001
P53779-3|ENSG00000109339|ENST00000641724|ENSP00000493038
P53779-3|ENSG00000109339|ENST00000642015|ENSP00000493040
P53779-3|ENSG00000109339|ENST00000641110|ENSP00000493163
P53779-3|ENSG00000109339|ENST00000641911|ENSP00000493374
P53779-3|ENSG00000109339|ENST00000641287|ENSP00000493100
P53779-3|ENSG00000109339|ENST00000641283|ENSP00000493444
P53779-3|ENSG00000109339|ENST00000641297|ENSP00000493092
P53779-3|ENSG00000109339|ENST00000641657|ENSP00000493105
P53779-3|ENSG00000109339|ENST00000642009|ENSP00000493168
P53779-3|ENSG00000109339|ENST00000641391|ENSP00000493008
P53779-3|ENSG00000109339|ENST00000641737|ENSP00000493177
Q15759-1|ENSG00000185386|ENST00000330651|ENSP00000333685
Q15759-1|ENSG00000185386|ENST00000395764|ENSP00000379113
P53778-1|ENSG00000188130|ENST00000215659|ENSP00000215659
P53778-2|ENSG00000188130|ENST00000622558|ENSP00000479972
O15264-1|ENSG00000156711|ENST00000211287|ENSP00000211287
O15264-2|ENSG00000156711|ENST00000373766|ENSP00000362871
Q16539-1|ENSG00000112062|ENST00000229794|ENSP00000229794
Q16539-2|ENSG00000112062|ENST00000229795|ENSP00000229795
Q16539-4|ENSG00000112062|ENST00000310795|ENSP00000308669
Q8TD08-1|ENSG00000274205|ENST00000615253|ENSP00000483093
Q8TD08-1|ENSG00000181085|ENST00000338033|ENSP00000337691
Q8TD08-2|ENSG00000181085|ENST00000395108|ENSP00000378540
Q8TD08-3|ENSG00000181085|ENST00000395107|ENSP00000378539
P27361-1|ENSG00000102882|ENST00000263025|ENSP00000263025
P27361-2|ENSG00000102882|ENST00000322266|ENSP00000327293
P27361-2|ENSG00000102882|ENST00000395202|ENSP00000378628
P27361-3|ENSG00000102882|ENST00000395199|ENSP00000378625
Q13164-1|ENSG00000166484|ENST00000308406|ENSP00000311005
Q13164-1|ENSG00000166484|ENST00000395602|ENSP00000378966
Q13164-1|ENSG00000166484|ENST00000395604|ENSP00000378968
Q13164-2|ENSG00000166484|ENST00000299612|ENSP00000299612
P45983-1|ENSG00000107643|ENST00000374189|ENSP00000363304
P45983-2|ENSG00000107643|ENST00000374182|ENSP00000363297
P45983-3|ENSG00000107643|ENST00000374179|ENSP00000363294
P45983-4|ENSG00000107643|ENST00000395611|ENSP00000378974
P45983-4|ENSG00000107643|ENST00000374176|ENSP00000363291
P45983-5|ENSG00000107643|ENST00000360332|ENSP00000353483
P45984-1|ENSG00000050748|ENST00000452135|ENSP00000394560
P45984-2|ENSG00000050748|ENST00000393360|ENSP00000377028
P45984-3|ENSG00000050748|ENST00000343111|ENSP00000345524
P45984-4|ENSG00000050748|ENST00000455781|ENSP00000389338
P45984-5|ENSG00000050748|ENST00000425491|ENSP00000397422
Q9UQ07-1|ENSG00000080823|ENST00000361847|ENSP00000355304
Q9UQ07-5|ENSG00000080823|ENST00000524214|ENSP00000428942
Q9UQ07-6|ENSG00000080823|ENST00000522874|ENSP00000429469
Q96SB4-2|ENSG00000096063|ENST00000373825|ENSP00000362931
Q96SB4-4|ENSG00000096063|ENST00000423325|ENSP00000391069
P78362-1|ENSG00000135250|ENST00000357311|ENSP00000349863
P78362-1|ENSG00000135250|ENST00000489828|ENSP00000419791
P78362-2|ENSG00000135250|ENST00000393651|ENSP00000377262
Q9UPE1-1|ENSG00000184343|ENST00000370101|ENSP00000359119
Q9UPE1-3|ENSG00000184343|ENST00000393786|ENSP00000377376
Q9UPE1-4|ENSG00000184343|ENST00000370104|ENSP00000359122
Q96PY6-1|ENSG00000137601|ENST00000439128|ENSP00000408020
Q96PY6-2|ENSG00000137601|ENST00000510533|ENSP00000427653
Q96PY6-3|ENSG00000137601|ENST00000507142|ENSP00000424757
Q96PY6-4|ENSG00000137601|ENST00000512193|ENSP00000424938
Q96PY6-6|ENSG00000137601|ENST00000511633|ENSP00000423332
Q6ZWH5-1|ENSG00000163491|ENST00000429845|ENSP00000395849
Q6ZWH5-4|ENSG00000163491|ENST00000341435|ENSP00000343847
Q6ZWH5-5|ENSG00000163491|ENST00000295720|ENSP00000295720
Q6ZWH5-6|ENSG00000163491|ENST00000383771|ENSP00000373281
Q8NG66-1|ENSG00000114670|ENST00000383366|ENSP00000372857
Q8NG66-1|ENSG00000114670|ENST00000508196|ENSP00000421851
Q8NG66-2|ENSG00000114670|ENST00000511262|ENSP00000425114
Q8NG66-2|ENSG00000114670|ENST00000356918|ENSP00000349389
Q8NG66-3|ENSG00000114670|ENST00000507910|ENSP00000426662
Q8NG66-4|ENSG00000114670|ENST00000510688|ENSP00000423458
P51955-1|ENSG00000117650|ENST00000366999|ENSP00000355966
P51955-2|ENSG00000117650|ENST00000366998|ENSP00000355965
P51956-1|ENSG00000136098|ENST00000618534|ENSP00000484443
P51956-1|ENSG00000136098|ENST00000610828|ENSP00000480328
P51956-2|ENSG00000136098|ENST00000611833|ENSP00000484086
P51957-1|ENSG00000114904|ENST00000233027|ENSP00000233027
P51957-2|ENSG00000114904|ENST00000383721|ENSP00000373227
P51957-3|ENSG00000114904|ENST00000535191|ENSP00000437703
Q9HC98-1|ENSG00000119408|ENST00000373603|ENSP00000362705
Q9HC98-1|ENSG00000119408|ENST00000320246|ENSP00000319734
Q9HC98-1|ENSG00000119408|ENST00000545174|ENSP00000442636
Q9HC98-1|ENSG00000119408|ENST00000546191|ENSP00000441426
Q9HC98-2|ENSG00000119408|ENST00000373600|ENSP00000362702
Q9HC98-2|ENSG00000119408|ENST00000394199|ENSP00000377749
Q9HC98-3|ENSG00000119408|ENST00000540326|ENSP00000441469
Q9HC98-4|ENSG00000119408|ENST00000539416|ENSP00000439651
Q8TDX7-1|ENSG00000151414|ENST00000367385|ENSP00000356355
Q8TDX7-1|ENSG00000151414|ENST00000538004|ENSP00000444621
Q8TDX7-2|ENSG00000151414|ENST00000367383|ENSP00000356353
P20594-1|ENSG00000159899|ENST00000342694|ENSP00000341083
Q02750-1|ENSG00000169032|ENST00000307102|ENSP00000302486
P46734-1|ENSG00000034152|ENST00000342679|ENSP00000345083
P46734-2|ENSG00000034152|ENST00000361818|ENSP00000355081
P46734-2|ENSG00000034152|ENST00000316920|ENSP00000319139
P46734-2|ENSG00000034152|ENST00000613338|ENSP00000478619
P45985-1|ENSG00000065559|ENST00000353533|ENSP00000262445
P45985-2|ENSG00000065559|ENST00000415385|ENSP00000410402
Q13163-1|ENSG00000137764|ENST00000178640|ENSP00000178640
Q13163-2|ENSG00000137764|ENST00000395476|ENSP00000378859
Q13163-4|ENSG00000137764|ENST00000354498|ENSP00000346493
P52564-1|ENSG00000108984|ENST00000590474|ENSP00000468348
P52564-2|ENSG00000108984|ENST00000589647|ENSP00000467213
P52564-2|ENSG00000108984|ENST00000613873|ENSP00000477701
O14733-1|ENSG00000076984|ENST00000397979|ENSP00000381066
O14733-3|ENSG00000076984|ENST00000397983|ENSP00000381070
O14733-4|ENSG00000076984|ENST00000397981|ENSP00000381068
Q16584-1|ENSG00000173327|ENST00000309100|ENSP00000309597
Q16584-2|ENSG00000173327|ENST00000530153|ENSP00000433886
Q12852-1|ENSG00000139625|ENST00000267079|ENSP00000267079
Q12852-2|ENSG00000139625|ENST00000547035|ENSP00000448689
Q12852-2|ENSG00000139625|ENST00000547488|ENSP00000449038
O43283-1|ENSG00000073803|ENST00000424227|ENSP00000399910
O43283-1|ENSG00000073803|ENST00000265026|ENSP00000265026
O43283-3|ENSG00000073803|ENST00000438053|ENSP00000403561
O43283-4|ENSG00000073803|ENST00000443863|ENSP00000409325
O43283-5|ENSG00000073803|ENST00000446828|ENSP00000411483
O43283-6|ENSG00000073803|ENST00000433092|ENSP00000389798
Q6ZN16-1|ENSG00000180815|ENST00000338883|ENSP00000345629
Q56UN5-1|ENSG00000176601|ENST00000375845|ENSP00000365005
Q56UN5-1|ENSG00000176601|ENST00000392915|ENSP00000376647
Q56UN5-3|ENSG00000176601|ENST00000358371|ENSP00000351140
Q56UN5-4|ENSG00000176601|ENST00000392918|ENSP00000376650
Q56UN5-5|ENSG00000176601|ENST00000375844|ENSP00000365004
Q56UN5-7|ENSG00000176601|ENST00000392917|ENSP00000376649
Q9NYL2-1|ENSG00000091436|ENST00000409176|ENSP00000387259
Q9NYL2-1|ENSG00000091436|ENST00000375213|ENSP00000364361
Q9NYL2-2|ENSG00000091436|ENST00000539448|ENSP00000439414
Q9NYL2-2|ENSG00000091436|ENST00000338983|ENSP00000340257
Q5TCX8-1|ENSG00000143674|ENST00000366624|ENSP00000355583
Q5TCX8-2|ENSG00000143674|ENST00000366623|ENSP00000355582
Q5TCX8-3|ENSG00000143674|ENST00000366622|ENSP00000355581
Q99759-1|ENSG00000198909|ENST00000361733|ENSP00000354485
Q99759-2|ENSG00000198909|ENST00000579585|ENSP00000461988
Q99759-2|ENSG00000198909|ENST00000361357|ENSP00000354927
Q9Y6R4-1|ENSG00000085511|ENST00000392142|ENSP00000375986
Q9Y6R4-2|ENSG00000085511|ENST00000366919|ENSP00000355886
Q99683-1|ENSG00000197442|ENST00000359015|ENSP00000351908
O95382-1|ENSG00000142733|ENST00000357582|ENSP00000350195
O95382-3|ENSG00000142733|ENST00000374040|ENSP00000363152
O43318-1|ENSG00000135341|ENST00000369329|ENSP00000358335
O43318-2|ENSG00000135341|ENST00000369332|ENSP00000358338
O43318-3|ENSG00000135341|ENST00000369325|ENSP00000358331
O43318-4|ENSG00000135341|ENST00000369327|ENSP00000358333
P41279-1|ENSG00000107968|ENST00000542547|ENSP00000443610
P41279-1|ENSG00000107968|ENST00000263056|ENSP00000263056
P41279-1|ENSG00000107968|ENST00000375321|ENSP00000364470
P80192-1|ENSG00000006432|ENST00000554752|ENSP00000451612
P80192-4|ENSG00000006432|ENST00000555993|ENSP00000451263
Q92918-1|ENSG00000104814|ENST00000591517|ENSP00000465039
Q92918-1|ENSG00000282928|ENST00000634395|ENSP00000489001
Q92918-2|ENSG00000104814|ENST00000396857|ENSP00000380066
Q92918-2|ENSG00000282928|ENST00000634494|ENSP00000489158
Q12851-1|ENSG00000168067|ENST00000294066|ENSP00000294066
Q12851-2|ENSG00000168067|ENST00000377350|ENSP00000366567
Q8IVH8-1|ENSG00000011566|ENST00000263881|ENSP00000263881
Q8IVH8-3|ENSG00000011566|ENST00000341681|ENSP00000345434
O95819-1|ENSG00000071054|ENST00000347699|ENSP00000314363
O95819-4|ENSG00000071054|ENST00000634702|ENSP00000489579
O95819-6|ENSG00000071054|ENST00000350878|ENSP00000343658
Q8N4C8-1|ENSG00000141503|ENST00000355280|ENSP00000347427
Q8N4C8-3|ENSG00000141503|ENST00000347992|ENSP00000269296
Q8N4C8-4|ENSG00000141503|ENST00000453408|ENSP00000406487
Q8NEV4-1|ENSG00000095777|ENST00000642920|ENSP00000495965
Q8NEV4-2|ENSG00000095777|ENST00000376302|ENSP00000365479
Q8WXR4-1|ENSG00000071909|ENST00000408978|ENSP00000386213
Q8WXR4-3|ENSG00000071909|ENST00000317935|ENSP00000314650
Q8WXR4-4|ENSG00000071909|ENST00000409044|ENSP00000386497
Q7Z2Y5-1|ENSG00000123572|ENST00000243300|ENSP00000434830
Q7Z2Y5-3|ENSG00000123572|ENST00000536164|ENSP00000438785
Q13153-1|ENSG00000149269|ENST00000356341|ENSP00000348696
Q13153-2|ENSG00000149269|ENST00000278568|ENSP00000278568
O75914-1|ENSG00000077264|ENST00000372010|ENSP00000361080
O75914-1|ENSG00000077264|ENST00000262836|ENSP00000262836
O75914-2|ENSG00000077264|ENST00000425146|ENSP00000401982
O75914-2|ENSG00000077264|ENST00000446737|ENSP00000410853
O75914-2|ENSG00000077264|ENST00000372007|ENSP00000361077
O75914-3|ENSG00000077264|ENST00000518291|ENSP00000428921
O75914-3|ENSG00000077264|ENST00000360648|ENSP00000353864
O75914-4|ENSG00000077264|ENST00000519681|ENSP00000429113
O75914-4|ENSG00000077264|ENST00000417227|ENSP00000389172
O96013-1|ENSG00000130669|ENST00000358301|ENSP00000351049
O96013-1|ENSG00000130669|ENST00000593690|ENSP00000469413
O96013-1|ENSG00000130669|ENST00000360442|ENSP00000353625
O96013-3|ENSG00000130669|ENST00000599470|ENSP00000470284
O96013-3|ENSG00000130669|ENST00000599386|ENSP00000471157
O96013-4|ENSG00000130669|ENST00000321944|ENSP00000326864
Q9NQU5-1|ENSG00000137843|ENST00000453867|ENSP00000401153
Q9NQU5-1|ENSG00000137843|ENST00000441369|ENSP00000406873
Q9NQU5-1|ENSG00000137843|ENST00000558658|ENSP00000456785
Q9NQU5-1|ENSG00000137843|ENST00000560346|ENSP00000453858
Q9NQU5-1|ENSG00000137843|ENST00000260404|ENSP00000260404
Q9NQU5-1|ENSG00000137843|ENST00000542403|ENSP00000439597
Q9NQU5-2|ENSG00000137843|ENST00000455577|ENSP00000409465
Q96KB5-1|ENSG00000168078|ENST00000301905|ENSP00000301905
Q96KB5-2|ENSG00000168078|ENST00000522944|ENSP00000428489
Q9H2G2-1|ENSG00000065613|ENST00000369755|ENSP00000358770
Q9H2G2-2|ENSG00000065613|ENST00000335753|ENSP00000336824
Q9Y6E0-1|ENSG00000102572|ENST00000376547|ENSP00000365730
Q9Y6E0-2|ENSG00000102572|ENST00000539966|ENSP00000442539
O00506-1|ENSG00000115694|ENST00000401869|ENSP00000385687
O00506-1|ENSG00000115694|ENST00000316586|ENSP00000325748
O00506-1|ENSG00000115694|ENST00000403346|ENSP00000384162
O00506-2|ENSG00000115694|ENST00000405883|ENSP00000384444
O00506-2|ENSG00000115694|ENST00000405585|ENSP00000385541
O00506-3|ENSG00000115694|ENST00000535007|ENSP00000446008
O00506-3|ENSG00000115694|ENST00000543554|ENSP00000444886
Q9P289-1|ENSG00000134602|ENST00000394334|ENSP00000377867
Q9P289-2|ENSG00000134602|ENST00000394335|ENSP00000377868
Q9P289-3|ENSG00000134602|ENST00000496850|ENSP00000419702
Q13188-1|ENSG00000104375|ENST00000419617|ENSP00000390500
Q13188-2|ENSG00000104375|ENST00000523601|ENSP00000429744
Q9UEW8-1|ENSG00000198648|ENST00000355999|ENSP00000348278
Q13043-1|ENSG00000101109|ENST00000372806|ENSP00000361892
Q13043-2|ENSG00000101109|ENST00000372801|ENSP00000361887
Q7RTN6-1|ENSG00000266173|ENST00000336174|ENSP00000336655
Q7RTN6-2|ENSG00000266173|ENST00000392950|ENSP00000376677
Q7RTN6-3|ENSG00000266173|ENST00000640999|ENSP00000491643
Q7RTN6-3|ENSG00000266173|ENST00000639835|ENSP00000492578
Q7RTN6-4|ENSG00000266173|ENST00000447001|ENSP00000398841
Q7RTN6-5|ENSG00000266173|ENST00000375840|ENSP00000365000
Q7RTN6-5|ENSG00000266173|ENST00000638702|ENSP00000491017
Q7RTN6-6|ENSG00000266173|ENST00000582137|ENSP00000462922
Q9C0K7-1|ENSG00000082146|ENST00000194530|ENSP00000194530
Q9C0K7-2|ENSG00000082146|ENST00000392249|ENSP00000376080
Q7L7X3-1|ENSG00000160551|ENST00000261716|ENSP00000261716
Q7L7X3-3|ENSG00000160551|ENST00000536202|ENSP00000438819
Q9UL54-1|ENSG00000149930|ENST00000308893|ENSP00000310094
Q9UL54-2|ENSG00000149930|ENST00000279394|ENSP00000279394
Q9UL54-3|ENSG00000149930|ENST00000416441|ENSP00000393048
Q9UL54-4|ENSG00000149930|ENST00000543033|ENSP00000440336
Q9UKE5-1|ENSG00000154310|ENST00000436636|ENSP00000399511
Q9UKE5-2|ENSG00000154310|ENST00000357327|ENSP00000349880
Q9UKE5-3|ENSG00000154310|ENST00000488470|ENSP00000418378
Q9UKE5-4|ENSG00000154310|ENST00000284483|ENSP00000284483
Q9UKE5-5|ENSG00000154310|ENST00000341852|ENSP00000345352
Q9UKE5-6|ENSG00000154310|ENST00000470834|ENSP00000419990
Q9UKE5-7|ENSG00000154310|ENST00000460047|ENSP00000418916
Q9UKE5-8|ENSG00000154310|ENST00000475336|ENSP00000418156
P36896-1|ENSG00000135503|ENST00000257963|ENSP00000257963
P36896-2|ENSG00000135503|ENST00000426655|ENSP00000390477
P36896-3|ENSG00000135503|ENST00000415850|ENSP00000397550
P36896-4|ENSG00000135503|ENST00000541224|ENSP00000442656
P36896-5|ENSG00000135503|ENST00000542485|ENSP00000442885
Q8NER5-1|ENSG00000123612|ENST00000243349|ENSP00000243349
Q8NER5-2|ENSG00000123612|ENST00000348328|ENSP00000335139
Q8NER5-3|ENSG00000123612|ENST00000335450|ENSP00000335178
Q8NER5-4|ENSG00000123612|ENST00000409680|ENSP00000387168
P27037-1|ENSG00000121989|ENST00000404590|ENSP00000384338
P27037-1|ENSG00000121989|ENST00000241416|ENSP00000241416
P27037-2|ENSG00000121989|ENST00000535787|ENSP00000439988
Q16671-1|ENSG00000135409|ENST00000257863|ENSP00000257863
Q16671-2|ENSG00000135409|ENST00000550311|ENSP00000446661
Q16671-3|ENSG00000135409|ENST00000379791|ENSP00000369117
P10398-1|ENSG00000078061|ENST00000377045|ENSP00000366244
P10398-2|ENSG00000078061|ENST00000377039|ENSP00000366238
O00238-1|ENSG00000138696|ENST00000515059|ENSP00000426617
O00238-1|ENSG00000138696|ENST00000672698|ENSP00000500035
O00238-1|ENSG00000138696|ENST00000509540|ENSP00000421671
O00238-1|ENSG00000138696|ENST00000512312|ENSP00000425444
O00238-1|ENSG00000138696|ENST00000264568|ENSP00000264568
O00238-1|ENSG00000138696|ENST00000394931|ENSP00000378389
O00238-2|ENSG00000138696|ENST00000440890|ENSP00000401907
Q13873-1|ENSG00000204217|ENST00000374580|ENSP00000363708
Q13873-2|ENSG00000204217|ENST00000374574|ENSP00000363702
Q13418-1|ENSG00000166333|ENST00000299421|ENSP00000299421
Q13418-1|ENSG00000166333|ENST00000420936|ENSP00000403487
Q13418-1|ENSG00000166333|ENST00000396751|ENSP00000379975
Q13418-2|ENSG00000166333|ENST00000528995|ENSP00000435323
Q13418-3|ENSG00000166333|ENST00000532063|ENSP00000434492
P51617-1|ENSG00000184216|ENST00000369980|ENSP00000358997
P51617-2|ENSG00000184216|ENST00000393687|ENSP00000377291
P51617-4|ENSG00000184216|ENST00000369974|ENSP00000358991
Q9Y616-1|ENSG00000090376|ENST00000261233|ENSP00000261233
Q9Y616-2|ENSG00000090376|ENST00000457197|ENSP00000409852
Q9NWZ3-1|ENSG00000198001|ENST00000613694|ENSP00000479889
Q9NWZ3-1|ENSG00000198001|ENST00000551736|ENSP00000446490
Q9NWZ3-2|ENSG00000198001|ENST00000431837|ENSP00000390327
Q9NWZ3-2|ENSG00000198001|ENST00000440781|ENSP00000408734
Q8IVT5-4|ENSG00000141068|ENST00000398988|ENSP00000381958
Q8IVT5-4|ENSG00000141068|ENST00000509603|ENSP00000438795
Q6VAB6-1|ENSG00000171435|ENST00000339824|ENSP00000339952
P53667-1|ENSG00000106683|ENST00000336180|ENSP00000336740
P53667-3|ENSG00000106683|ENST00000435201|ENSP00000414606
P53667-4|ENSG00000106683|ENST00000538333|ENSP00000444452
P53671-1|ENSG00000182541|ENST00000331728|ENSP00000332687
P53671-2|ENSG00000182541|ENST00000333611|ENSP00000330470
P53671-3|ENSG00000182541|ENST00000340552|ENSP00000339916
Q38SD2-1|ENSG00000154237|ENST00000388948|ENSP00000373600
Q38SD2-2|ENSG00000154237|ENST00000532029|ENSP00000433268
P04049-1|ENSG00000132155|ENST00000251849|ENSP00000251849
P04049-2|ENSG00000132155|ENST00000442415|ENSP00000401888
Q13546-1|ENSG00000137275|ENST00000259808|ENSP00000259808
Q13546-1|ENSG00000137275|ENST00000380409|ENSP00000369773
O43353-1|ENSG00000104312|ENST00000220751|ENSP00000220751
Q9Y572-1|ENSG00000285379|ENST00000646516|ENSP00000495490
Q9Y572-1|ENSG00000129465|ENST00000216274|ENSP00000216274
Q9Y572-3|ENSG00000285379|ENST00000643393|ENSP00000495915
Q9Y572-3|ENSG00000129465|ENST00000554756|ENSP00000452328
P57078-1|ENSG00000183421|ENST00000352483|ENSP00000330161
P57078-2|ENSG00000183421|ENST00000332512|ENSP00000332454
Q96S53-1|ENSG00000070759|ENST00000372086|ENSP00000361158
Q96S53-3|ENSG00000070759|ENST00000372084|ENSP00000361156
P36897-1|ENSG00000106799|ENST00000374994|ENSP00000364133
P36897-2|ENSG00000106799|ENST00000552516|ENSP00000447297
P36897-3|ENSG00000106799|ENST00000374990|ENSP00000364129
P37173-1|ENSG00000163513|ENST00000295754|ENSP00000295754
P37173-2|ENSG00000163513|ENST00000359013|ENSP00000351905
Q59H18-2|ENSG00000116783|ENST00000326637|ENSP00000322251
Q59H18-3|ENSG00000259030|ENST00000370895|ENSP00000359932
Q59H18-4|ENSG00000259030|ENST00000370899|ENSP00000359936
Q6ZMQ8-1|ENSG00000181409|ENST00000326724|ENSP00000324196
Q6ZMQ8-3|ENSG00000181409|ENST00000374792|ENSP00000363924
P00519-1|ENSG00000097007|ENST00000318560|ENSP00000323315
P00519-2|ENSG00000097007|ENST00000372348|ENSP00000361423
P42684-1|ENSG00000143322|ENST00000502732|ENSP00000427562
P42684-3|ENSG00000143322|ENST00000512653|ENSP00000423578
P42684-4|ENSG00000143322|ENST00000504405|ENSP00000426831
P42684-5|ENSG00000143322|ENST00000511413|ENSP00000424697
P42684-6|ENSG00000143322|ENST00000367623|ENSP00000356595
P42684-7|ENSG00000143322|ENST00000507173|ENSP00000423413
P42684-10|ENSG00000143322|ENST00000344730|ENSP00000339209
P42684-8|ENSG00000143322|ENST00000392043|ENSP00000375897
P30530-1|ENSG00000167601|ENST00000301178|ENSP00000301178
P30530-2|ENSG00000167601|ENST00000359092|ENSP00000351995
Q06187-1|ENSG00000010671|ENST00000308731|ENSP00000308176
Q06187-2|ENSG00000010671|ENST00000621635|ENSP00000483570
P07333-1|ENSG00000182578|ENST00000286301|ENSP00000286301
P07333-2|ENSG00000182578|ENST00000543093|ENSP00000445282
Q08345-1|ENSG00000215522|ENST00000400492|ENSP00000383339
Q08345-1|ENSG00000137332|ENST00000383377|ENSP00000372868
Q08345-1|ENSG00000230456|ENST00000412329|ENSP00000391805
Q08345-1|ENSG00000215522|ENST00000400491|ENSP00000383338
Q08345-1|ENSG00000137332|ENST00000400414|ENSP00000383265
Q08345-1|ENSG00000215522|ENST00000550395|ENSP00000449255
Q08345-1|ENSG00000137332|ENST00000553015|ENSP00000448377
Q08345-1|ENSG00000230456|ENST00000449518|ENSP00000414285
Q08345-1|ENSG00000230456|ENST00000548133|ENSP00000449611
Q08345-1|ENSG00000204580|ENST00000324771|ENSP00000318217
Q08345-1|ENSG00000204580|ENST00000376568|ENSP00000365752
Q08345-1|ENSG00000204580|ENST00000452441|ENSP00000405039
Q08345-1|ENSG00000234078|ENST00000430933|ENSP00000397769
Q08345-1|ENSG00000234078|ENST00000429699|ENSP00000401397
Q08345-1|ENSG00000234078|ENST00000552068|ENSP00000449190
Q08345-2|ENSG00000215522|ENST00000400489|ENSP00000383337
Q08345-2|ENSG00000137332|ENST00000259875|ENSP00000259875
Q08345-2|ENSG00000215522|ENST00000400488|ENSP00000383336
Q08345-2|ENSG00000137332|ENST00000400411|ENSP00000383262
Q08345-2|ENSG00000230456|ENST00000427053|ENSP00000416145
Q08345-2|ENSG00000230456|ENST00000415092|ENSP00000405540
Q08345-2|ENSG00000215522|ENST00000400486|ENSP00000383334
Q08345-2|ENSG00000137332|ENST00000400410|ENSP00000383261
Q08345-2|ENSG00000230456|ENST00000453510|ENSP00000401208
Q08345-2|ENSG00000204580|ENST00000418800|ENSP00000407699
Q08345-2|ENSG00000204580|ENST00000454612|ENSP00000406091
Q08345-2|ENSG00000204580|ENST00000376569|ENSP00000365753
Q08345-2|ENSG00000204580|ENST00000376570|ENSP00000365754
Q08345-2|ENSG00000204580|ENST00000376567|ENSP00000365751
Q08345-2|ENSG00000234078|ENST00000421229|ENSP00000415730
Q08345-2|ENSG00000234078|ENST00000454774|ENSP00000400393
Q08345-2|ENSG00000234078|ENST00000419412|ENSP00000416183
Q08345-4|ENSG00000215522|ENST00000617572|ENSP00000479195
Q08345-4|ENSG00000137332|ENST00000620318|ENSP00000484588
Q08345-4|ENSG00000230456|ENST00000621544|ENSP00000484013
Q08345-4|ENSG00000204580|ENST00000482873|ENSP00000421978
Q08345-4|ENSG00000204580|ENST00000376575|ENSP00000365759
Q08345-4|ENSG00000234078|ENST00000618059|ENSP00000479204
Q08345-5|ENSG00000204580|ENST00000513240|ENSP00000427552
Q08345-6|ENSG00000215522|ENST00000549026|ENSP00000449238
Q08345-6|ENSG00000137332|ENST00000552721|ENSP00000449307
Q08345-6|ENSG00000230456|ENST00000548962|ENSP00000448115
Q08345-6|ENSG00000204580|ENST00000508312|ENSP00000422442
Q08345-6|ENSG00000234078|ENST00000550384|ENSP00000447474
P00533-1|ENSG00000146648|ENST00000275493|ENSP00000275493
P00533-2|ENSG00000146648|ENST00000420316|ENSP00000413843
P00533-3|ENSG00000146648|ENST00000344576|ENSP00000345973
P00533-4|ENSG00000146648|ENST00000342916|ENSP00000342376
P21709-1|ENSG00000146904|ENST00000275815|ENSP00000275815
P21709-1|ENSG00000284816|ENST00000645847|ENSP00000494931
Q5JZY3-1|ENSG00000183317|ENST00000373048|ENSP00000362139
Q5JZY3-2|ENSG00000183317|ENST00000319637|ENSP00000316395
P29317-1|ENSG00000142627|ENST00000358432|ENSP00000351209
P29320-1|ENSG00000044524|ENST00000336596|ENSP00000337451
P29320-2|ENSG00000044524|ENST00000452448|ENSP00000399926
P54764-1|ENSG00000116106|ENST00000281821|ENSP00000281821
P54764-1|ENSG00000116106|ENST00000409938|ENSP00000386829
P54756-1|ENSG00000145242|ENST00000273854|ENSP00000273854
P54756-2|ENSG00000145242|ENST00000354839|ENSP00000346899
Q9UF33-2|ENSG00000080224|ENST00000502694|ENSP00000423950
Q9UF33-3|ENSG00000080224|ENST00000514100|ENSP00000421711
Q15375-1|ENSG00000135333|ENST00000369303|ENSP00000358309
Q15375-3|ENSG00000135333|ENST00000369297|ENSP00000358303
P29322-1|ENSG00000070886|ENST00000166244|ENSP00000166244
P29322-2|ENSG00000070886|ENST00000374644|ENSP00000363775
P54762-1|ENSG00000154928|ENST00000398015|ENSP00000381097
P54762-5|ENSG00000154928|ENST00000493838|ENSP00000419574
P29323-1|ENSG00000133216|ENST00000400191|ENSP00000383053
P29323-2|ENSG00000133216|ENST00000374630|ENSP00000363761
P29323-3|ENSG00000133216|ENST00000374632|ENSP00000363763
P54760-1|ENSG00000196411|ENST00000358173|ENSP00000350896
P54760-3|ENSG00000196411|ENST00000616502|ENSP00000482702
P04626-1|ENSG00000141736|ENST00000269571|ENSP00000269571
P04626-4|ENSG00000141736|ENST00000541774|ENSP00000446466
P04626-5|ENSG00000141736|ENST00000584601|ENSP00000462438
P04626-5|ENSG00000141736|ENST00000406381|ENSP00000385185
P21860-1|ENSG00000065361|ENST00000267101|ENSP00000267101
P21860-2|ENSG00000065361|ENST00000411731|ENSP00000415753
P21860-3|ENSG00000065361|ENST00000551242|ENSP00000447510
P21860-4|ENSG00000065361|ENST00000415288|ENSP00000408340
Q15303-1|ENSG00000178568|ENST00000342788|ENSP00000342235
Q15303-3|ENSG00000178568|ENST00000436443|ENSP00000403204
P16591-1|ENSG00000151422|ENST00000281092|ENSP00000281092
P16591-3|ENSG00000151422|ENST00000618353|ENSP00000484767
P07332-1|ENSG00000182511|ENST00000328850|ENSP00000331504
P07332-2|ENSG00000182511|ENST00000414248|ENSP00000414629
P07332-3|ENSG00000182511|ENST00000394300|ENSP00000377837
P07332-4|ENSG00000182511|ENST00000444422|ENSP00000400868
P11362-1|ENSG00000077782|ENST00000447712|ENSP00000400162
P11362-2|ENSG00000077782|ENST00000532791|ENSP00000432972
P11362-3|ENSG00000077782|ENST00000356207|ENSP00000348537
P11362-7|ENSG00000077782|ENST00000397108|ENSP00000380297
P11362-7|ENSG00000077782|ENST00000397113|ENSP00000380302
P11362-7|ENSG00000077782|ENST00000397091|ENSP00000380280
P11362-14|ENSG00000077782|ENST00000326324|ENSP00000327229
P11362-15|ENSG00000077782|ENST00000484370|ENSP00000433163
P11362-20|ENSG00000077782|ENST00000335922|ENSP00000337247
P11362-21|ENSG00000077782|ENST00000425967|ENSP00000393312
P21802-1|ENSG00000066468|ENST00000358487|ENSP00000351276
P21802-3|ENSG00000066468|ENST00000457416|ENSP00000410294
P21802-5|ENSG00000066468|ENST00000346997|ENSP00000263451
P21802-13|ENSG00000066468|ENST00000369058|ENSP00000358054
P21802-14|ENSG00000066468|ENST00000359354|ENSP00000352309
P21802-15|ENSG00000066468|ENST00000369060|ENSP00000358056
P21802-17|ENSG00000066468|ENST00000369056|ENSP00000358052
P21802-20|ENSG00000066468|ENST00000356226|ENSP00000348559
P21802-21|ENSG00000066468|ENST00000357555|ENSP00000350166
P21802-22|ENSG00000066468|ENST00000360144|ENSP00000353262
P21802-23|ENSG00000066468|ENST00000369061|ENSP00000358057
P22607-1|ENSG00000068078|ENST00000440486|ENSP00000414914
P22607-2|ENSG00000068078|ENST00000340107|ENSP00000339824
P22607-3|ENSG00000068078|ENST00000412135|ENSP00000412903
P22607-3|ENSG00000068078|ENST00000352904|ENSP00000231803
P22455-1|ENSG00000160867|ENST00000502906|ENSP00000424960
P22455-1|ENSG00000160867|ENST00000292408|ENSP00000292408
P22455-2|ENSG00000160867|ENST00000393637|ENSP00000377254
P17948-1|ENSG00000102755|ENST00000282397|ENSP00000282397
P17948-2|ENSG00000102755|ENST00000615840|ENSP00000484039
P17948-3|ENSG00000102755|ENST00000541932|ENSP00000437631
P17948-4|ENSG00000102755|ENST00000539099|ENSP00000442630
P17948-8|ENSG00000102755|ENST00000543394|ENSP00000437841
P36888-1|ENSG00000122025|ENST00000241453|ENSP00000241453
P35916-2|ENSG00000037280|ENST00000261937|ENSP00000261937
P35916-1|ENSG00000037280|ENST00000393347|ENSP00000377016
P42685-1|ENSG00000111816|ENST00000606080|ENSP00000476145
P06241-1|ENSG00000010810|ENST00000368667|ENSP00000357656
P06241-1|ENSG00000010810|ENST00000354650|ENSP00000346671
P06241-2|ENSG00000010810|ENST00000538466|ENSP00000440646
P06241-2|ENSG00000010810|ENST00000368678|ENSP00000357667
P06241-2|ENSG00000010810|ENST00000368682|ENSP00000357671
P06241-3|ENSG00000010810|ENST00000229471|ENSP00000229471
P08631-1|ENSG00000101336|ENST00000534862|ENSP00000444986
P08631-2|ENSG00000101336|ENST00000538448|ENSP00000441169
P08631-2|ENSG00000101336|ENST00000520553|ENSP00000429848
P08631-2|ENSG00000101336|ENST00000629881|ENSP00000486627
P08631-3|ENSG00000101336|ENST00000518730|ENSP00000427757
P08631-4|ENSG00000101336|ENST00000639405|ENSP00000491964
P06213-1|ENSG00000171105|ENST00000302850|ENSP00000303830
P06213-2|ENSG00000171105|ENST00000341500|ENSP00000342838
P52333-1|ENSG00000105639|ENST00000527670|ENSP00000432511
P52333-1|ENSG00000105639|ENST00000458235|ENSP00000391676
P52333-2|ENSG00000105639|ENST00000534444|ENSP00000436421
P35968-1|ENSG00000128052|ENST00000263923|ENSP00000263923
P10721-1|ENSG00000157404|ENST00000288135|ENSP00000288135
P10721-2|ENSG00000157404|ENST00000412167|ENSP00000390987
P06239-1|ENSG00000182866|ENST00000336890|ENSP00000337825
P06239-1|ENSG00000182866|ENST00000619559|ENSP00000477713
P06239-3|ENSG00000182866|ENST00000333070|ENSP00000328213
P29376-1|ENSG00000062524|ENST00000263800|ENSP00000263800
P29376-4|ENSG00000062524|ENST00000355166|ENSP00000347293
P29376-5|ENSG00000062524|ENST00000453182|ENSP00000392196
P07948-1|ENSG00000254087|ENST00000519728|ENSP00000428924
P07948-2|ENSG00000254087|ENST00000520220|ENSP00000428424
P42679-1|ENSG00000007264|ENST00000310132|ENSP00000308734
P42679-2|ENSG00000007264|ENST00000619596|ENSP00000483213
P42679-2|ENSG00000007264|ENST00000395045|ENSP00000378485
P42679-3|ENSG00000007264|ENST00000395040|ENSP00000378481
P08581-1|ENSG00000105976|ENST00000397752|ENSP00000380860
P08581-2|ENSG00000105976|ENST00000318493|ENSP00000317272
P08581-3|ENSG00000105976|ENST00000436117|ENSP00000410980
Q04912-1|ENSG00000164078|ENST00000296474|ENSP00000296474
Q04912-2|ENSG00000164078|ENST00000344206|ENSP00000341325
Q04912-7|ENSG00000164078|ENST00000621387|ENSP00000482642
O15146-1|ENSG00000030304|ENST00000374448|ENSP00000363571
O15146-2|ENSG00000030304|ENST00000189978|ENSP00000189978
P04629-1|ENSG00000198400|ENST00000524377|ENSP00000431418
P04629-2|ENSG00000198400|ENST00000368196|ENSP00000357179
P04629-3|ENSG00000198400|ENST00000392302|ENSP00000376120
Q16620-1|ENSG00000148053|ENST00000376213|ENSP00000365386
Q16620-1|ENSG00000148053|ENST00000323115|ENSP00000314586
Q16620-2|ENSG00000148053|ENST00000395882|ENSP00000379221
Q16620-2|ENSG00000148053|ENST00000359847|ENSP00000352906
Q16620-3|ENSG00000148053|ENST00000376208|ENSP00000365381
Q16620-4|ENSG00000148053|ENST00000376214|ENSP00000365387
Q16620-4|ENSG00000148053|ENST00000277120|ENSP00000277120
Q16620-5|ENSG00000148053|ENST00000304053|ENSP00000306167
Q16288-1|ENSG00000140538|ENST00000629765|ENSP00000485864
Q16288-1|ENSG00000140538|ENST00000360948|ENSP00000354207
Q16288-2|ENSG00000140538|ENST00000317501|ENSP00000318328
Q16288-2|ENSG00000140538|ENST00000540489|ENSP00000444673
Q16288-3|ENSG00000140538|ENST00000394480|ENSP00000377990
Q16288-4|ENSG00000140538|ENST00000357724|ENSP00000350356
Q16288-5|ENSG00000140538|ENST00000557856|ENSP00000453959
Q16288-5|ENSG00000140538|ENST00000355254|ENSP00000347397
P16234-1|ENSG00000134853|ENST00000257290|ENSP00000257290
P16234-2|ENSG00000134853|ENST00000508170|ENSP00000425648
P16234-3|ENSG00000134853|ENST00000509490|ENSP00000424218
P09619-1|ENSG00000113721|ENST00000261799|ENSP00000261799
Q05397-1|ENSG00000169398|ENST00000521059|ENSP00000429474
Q05397-1|ENSG00000169398|ENST00000522684|ENSP00000429911
Q05397-5|ENSG00000169398|ENST00000340930|ENSP00000341189
Q05397-7|ENSG00000169398|ENST00000395218|ENSP00000378644
Q14289-1|ENSG00000120899|ENST00000397501|ENSP00000380638
Q14289-1|ENSG00000120899|ENST00000346049|ENSP00000332816
Q14289-2|ENSG00000120899|ENST00000420218|ENSP00000391995
Q14289-2|ENSG00000120899|ENST00000517339|ENSP00000427931
Q13882-1|ENSG00000101213|ENST00000542869|ENSP00000442460
Q13882-2|ENSG00000101213|ENST00000217185|ENSP00000217185
Q13308-1|ENSG00000112655|ENST00000230419|ENSP00000230419
Q13308-2|ENSG00000112655|ENST00000345201|ENSP00000325992
Q13308-3|ENSG00000112655|ENST00000349241|ENSP00000325462
Q13308-4|ENSG00000112655|ENST00000352931|ENSP00000326029
Q13308-5|ENSG00000112655|ENST00000230418|ENSP00000230418
Q13308-6|ENSG00000112655|ENST00000481273|ENSP00000418754
P07949-1|ENSG00000165731|ENST00000355710|ENSP00000347942
P07949-2|ENSG00000165731|ENST00000340058|ENSP00000344798
Q01973-1|ENSG00000185483|ENST00000371079|ENSP00000360120
Q01973-3|ENSG00000185483|ENST00000371080|ENSP00000360121
P34925-1|ENSG00000163785|ENST00000623711|ENSP00000485095
P34925-2|ENSG00000163785|ENST00000620660|ENSP00000478721
P12931-1|ENSG00000197122|ENST00000373578|ENSP00000362680
P12931-1|ENSG00000197122|ENST00000358208|ENSP00000350941
P12931-1|ENSG00000197122|ENST00000373567|ENSP00000362668
P12931-2|ENSG00000197122|ENST00000373558|ENSP00000362659
P43405-1|ENSG00000165025|ENST00000375754|ENSP00000364907
P43405-1|ENSG00000165025|ENST00000375746|ENSP00000364898
P43405-2|ENSG00000165025|ENST00000375751|ENSP00000364904
P43405-2|ENSG00000165025|ENST00000375747|ENSP00000364899
Q02763-1|ENSG00000120156|ENST00000380036|ENSP00000369375
Q02763-2|ENSG00000120156|ENST00000406359|ENSP00000383977
Q02763-3|ENSG00000120156|ENST00000519097|ENSP00000430686
P35590-1|ENSG00000066056|ENST00000372476|ENSP00000361554
P35590-2|ENSG00000066056|ENST00000538015|ENSP00000440063
Q13470-1|ENSG00000174292|ENST00000576812|ENSP00000459799
Q13470-1|ENSG00000283781|ENST00000639430|ENSP00000491136
Q13470-2|ENSG00000174292|ENST00000570896|ENSP00000458834
Q13470-2|ENSG00000283781|ENST00000639010|ENSP00000491712
Q07912-1|ENSG00000061938|ENST00000333602|ENSP00000329425
Q07912-2|ENSG00000061938|ENST00000439230|ENSP00000395588
Q07912-3|ENSG00000061938|ENST00000671753|ENSP00000499858
P43403-1|ENSG00000115085|ENST00000264972|ENSP00000264972
P43403-2|ENSG00000115085|ENST00000451498|ENSP00000400475
Q2M2I8-1|ENSG00000115977|ENST00000409085|ENSP00000386456
Q2M2I8-2|ENSG00000115977|ENST00000406297|ENSP00000385181
Q96GD4-1|ENSG00000178999|ENST00000585124|ENSP00000463999
Q96GD4-2|ENSG00000178999|ENST00000578549|ENSP00000462207
Q96GD4-4|ENSG00000178999|ENST00000534871|ENSP00000443869
Q96GD4-5|ENSG00000178999|ENST00000316199|ENSP00000313950
Q9UQB9-1|ENSG00000105146|ENST00000302804|ENSP00000302898
Q9UQB9-2|ENSG00000105146|ENST00000598785|ENSP00000471830
Q9UQB9-3|ENSG00000105146|ENST00000415300|ENSP00000407162
Q9NSY1-1|ENSG00000138756|ENST00000335016|ENSP00000334836
Q9NSY1-2|ENSG00000138756|ENST00000502871|ENSP00000421768
O43683-1|ENSG00000169679|ENST00000302759|ENSP00000302530
O43683-2|ENSG00000169679|ENST00000409311|ENSP00000386701
O43683-3|ENSG00000169679|ENST00000535254|ENSP00000441013
O60566-1|ENSG00000156970|ENST00000287598|ENSP00000287598
O60566-3|ENSG00000156970|ENST00000412359|ENSP00000398470
Q8N5S9-1|ENSG00000004660|ENST00000348335|ENSP00000323118
Q8N5S9-2|ENSG00000004660|ENST00000158166|ENSP00000158166
Q96RR4-1|ENSG00000110931|ENST00000402834|ENSP00000384591
Q96RR4-1|ENSG00000110931|ENST00000404169|ENSP00000384600
Q96RR4-1|ENSG00000110931|ENST00000652382|ENSP00000498824
Q96RR4-1|ENSG00000110931|ENST00000324774|ENSP00000312741
Q96RR4-2|ENSG00000110931|ENST00000392473|ENSP00000376265
Q96RR4-3|ENSG00000110931|ENST00000412367|ENSP00000388368
Q96RR4-3|ENSG00000110931|ENST00000337174|ENSP00000336634
Q96RR4-4|ENSG00000110931|ENST00000347034|ENSP00000321230
Q96RR4-5|ENSG00000110931|ENST00000538733|ENSP00000445944
Q96RR4-6|ENSG00000110931|ENST00000446440|ENSP00000388273
Q96RR4-7|ENSG00000110931|ENST00000392474|ENSP00000376266
P68400-1|ENSG00000101266|ENST00000217244|ENSP00000217244
P68400-1|ENSG00000101266|ENST00000400217|ENSP00000383076
P68400-1|ENSG00000101266|ENST00000643660|ENSP00000495248
P68400-1|ENSG00000101266|ENST00000646814|ENSP00000495422
P68400-1|ENSG00000101266|ENST00000646305|ENSP00000495902
P68400-1|ENSG00000101266|ENST00000647348|ENSP00000495912
P68400-1|ENSG00000101266|ENST00000645623|ENSP00000495998
P68400-1|ENSG00000101266|ENST00000646561|ENSP00000496569
P68400-2|ENSG00000101266|ENST00000349736|ENSP00000339247
P68400-2|ENSG00000101266|ENST00000644003|ENSP00000495387
P68400-2|ENSG00000101266|ENST00000646477|ENSP00000495439
Q6XUX3-1|ENSG00000133059|ENST00000367162|ENSP00000356130
Q6XUX3-2|ENSG00000133059|ENST00000367161|ENSP00000356129
Q6XUX3-4|ENSG00000133059|ENST00000615388|ENSP00000478016
Q9BQI3-1|ENSG00000086232|ENST00000199389|ENSP00000199389
P19525-1|ENSG00000055332|ENST00000647926|ENSP00000497534
P19525-1|ENSG00000055332|ENST00000233057|ENSP00000233057
P19525-1|ENSG00000055332|ENST00000395127|ENSP00000378559
P19525-2|ENSG00000055332|ENST00000405334|ENSP00000385014
Q9P2K8-1|ENSG00000128829|ENST00000263791|ENSP00000263791
Q9P2K8-3|ENSG00000128829|ENST00000559624|ENSP00000453148
O75460-1|ENSG00000178607|ENST00000433197|ENSP00000401445
O75460-2|ENSG00000178607|ENST00000606895|ENSP00000475519
O14976-1|ENSG00000178950|ENST00000314167|ENSP00000314499
O14976-2|ENSG00000178950|ENST00000511163|ENSP00000421361
Q8TF76-1|ENSG00000177602|ENST00000325418|ENSP00000325290
O14920-1|ENSG00000104365|ENST00000520810|ENSP00000430684
O14920-1|ENSG00000104365|ENST00000649612|ENSP00000497383
O14920-2|ENSG00000104365|ENST00000416505|ENSP00000404920
Q14164-1|ENSG00000263528|ENST00000581977|ENSP00000464030
Q14164-2|ENSG00000263528|ENST00000584998|ENSP00000462396
Q8NB16-1|ENSG00000168404|ENST00000308807|ENSP00000308351
Q8NB16-2|ENSG00000168404|ENST00000306247|ENSP00000303118
Q9NSY0-3|ENSG00000185189|ENST00000442628|ENSP00000414055
Q58A45-1|ENSG00000152520|ENST00000380958|ENSP00000370345
Q9BXM7-1|ENSG00000158828|ENST00000321556|ENSP00000364204
Q99640-1|ENSG00000127564|ENST00000262300|ENSP00000262300
Q99640-2|ENSG00000127564|ENST00000440027|ENSP00000397739
Q99640-3|ENSG00000127564|ENST00000574385|ENSP00000458943
Q99640-3|ENSG00000127564|ENST00000573944|ENSP00000459123
Q99640-4|ENSG00000127564|ENST00000574730|ENSP00000460868
O00444-1|ENSG00000142731|ENST00000270861|ENSP00000270861
O00444-2|ENSG00000142731|ENST00000513090|ENSP00000427554
O00444-3|ENSG00000142731|ENST00000514379|ENSP00000423582
Q496M5-1|ENSG00000185988|ENST00000454744|ENSP00000468376
Q496M5-1|ENSG00000185988|ENST00000334770|ENSP00000466248
Q496M5-2|ENSG00000185988|ENST00000588430|ENSP00000465896
Q7Z7A4-1|ENSG00000168297|ENST00000356151|ENSP00000348472
Q7Z7A4-2|ENSG00000168297|ENST00000383716|ENSP00000373222
Q7Z7A4-2|ENSG00000168297|ENST00000484288|ENSP00000417915
Q05823-1|ENSG00000135828|ENST00000367559|ENSP00000356530
Q05823-2|ENSG00000135828|ENST00000539397|ENSP00000440844
Q96S38-1|ENSG00000136643|ENST00000366960|ENSP00000355927
Q96S38-2|ENSG00000136643|ENST00000366959|ENSP00000355926
Q9Y6S9-1|ENSG00000198208|ENST00000354625|ENSP00000346644
Q9Y6S9-1|ENSG00000198208|ENST00000557413|ENSP00000450567
Q9Y6S9-1|ENSG00000198208|ENST00000555647|ENSP00000452027
Q9Y6S9-2|ENSG00000198208|ENST00000555009|ENSP00000450660
Q96LW2-2|ENSG00000258472|ENST00000481916|ENSP00000436369
Q96LW2-2|ENSG00000258472|ENST00000584196|ENSP00000464466
Q96KG9-1|ENSG00000142186|ENST00000270176|ENSP00000270176
Q96KG9-2|ENSG00000142186|ENST00000420247|ENSP00000408192
Q96KG9-6|ENSG00000142186|ENST00000533862|ENSP00000437254
Q8IZE3-1|ENSG00000000457|ENST00000367770|ENSP00000356744
Q8IZE3-1|ENSG00000000457|ENST00000367772|ENSP00000356746
Q8IZE3-2|ENSG00000000457|ENST00000367771|ENSP00000356745
Q9BXU1-1|ENSG00000196335|ENST00000355870|ENSP00000348132
Q9BXU1-2|ENSG00000196335|ENST00000354639|ENSP00000346660
Q9BXU1-3|ENSG00000196335|ENST00000433467|ENSP00000411852
Q8WU08-1|ENSG00000169302|ENST00000397936|ENSP00000381030
Q8WU08-2|ENSG00000169302|ENST00000626951|ENSP00000487441
Q9NY57-1|ENSG00000152953|ENST00000282908|ENSP00000282908
Q9NY57-2|ENSG00000152953|ENST00000510398|ENSP00000420984
Q86UX6-1|ENSG00000165752|ENST00000298630|ENSP00000298630
Q86UX6-2|ENSG00000165752|ENST00000368622|ENSP00000357611
Q9NRP7-1|ENSG00000163482|ENST00000295709|ENSP00000295709
Q9NRP7-1|ENSG00000163482|ENST00000440309|ENSP00000394095
Q9NRP7-2|ENSG00000163482|ENST00000392105|ENSP00000375954
Q8NE28-1|ENSG00000198870|ENST00000371957|ENSP00000361025
Q8NE28-1|ENSG00000281245|ENST00000627962|ENSP00000486786
Q8TEA7-1|ENSG00000145348|ENST00000394708|ENSP00000378198
Q8TEA7-1|ENSG00000145348|ENST00000432496|ENSP00000405847
Q8TEA7-1|ENSG00000145348|ENST00000273980|ENSP00000273980
Q8TEA7-2|ENSG00000145348|ENST00000394706|ENSP00000378196
Q8TEA7-3|ENSG00000145348|ENST00000361687|ENSP00000355338
Q8IWB6-1|ENSG00000121101|ENST00000240361|ENSP00000240361
Q8IWB6-2|ENSG00000121101|ENST00000389934|ENSP00000374584
Q8IWB6-3|ENSG00000121101|ENST00000349033|ENSP00000268910
Q9UKI8-1|ENSG00000198586|ENST00000431350|ENSP00000411099
Q9UKI8-2|ENSG00000198586|ENST00000360843|ENSP00000354089
Q9UKI8-4|ENSG00000198586|ENST00000434911|ENSP00000409222
Q9UKI8-5|ENSG00000198586|ENST00000521943|ENSP00000428113
Q86UE8-1|ENSG00000146872|ENST00000326270|ENSP00000316512
Q86UE8-2|ENSG00000146872|ENST00000346027|ENSP00000275780
Q86UE8-3|ENSG00000146872|ENST00000343388|ENSP00000340800
P33981-1|ENSG00000112742|ENST00000369798|ENSP00000358813
P33981-2|ENSG00000112742|ENST00000509894|ENSP00000422936
P33981-2|ENSG00000112742|ENST00000230510|ENSP00000230510
Q8TAS1-1|ENSG00000152332|ENST00000489294|ENSP00000420270
Q8TAS1-2|ENSG00000152332|ENST00000538489|ENSP00000446416
Q8TAS1-3|ENSG00000152332|ENST00000545294|ENSP00000441226
Q6PHR2-1|ENSG00000140474|ENST00000440863|ENSP00000400312
Q6PHR2-3|ENSG00000140474|ENST00000569437|ENSP00000456051
Q6PHR2-4|ENSG00000140474|ENST00000568667|ENSP00000457853
P30291-1|ENSG00000166483|ENST00000450114|ENSP00000402084
P30291-2|ENSG00000166483|ENST00000299613|ENSP00000299613
Q9H4A3-1|ENSG00000060237|ENST00000315939|ENSP00000313059
Q9H4A3-5|ENSG00000060237|ENST00000340908|ENSP00000341292
Q9H4A3-6|ENSG00000060237|ENST00000537687|ENSP00000444465
Q9H4A3-7|ENSG00000060237|ENST00000530271|ENSP00000433548
Q9Y3S1-1|ENSG00000165238|ENST00000297954|ENSP00000297954
Q9BYP7-1|ENSG00000196632|ENST00000375159|ENSP00000364301
Q9BYP7-1|ENSG00000196632|ENST00000354646|ENSP00000346667
Q9BYP7-3|ENSG00000196632|ENST00000375169|ENSP00000364312
Q96J92-1|ENSG00000126562|ENST00000246914|ENSP00000246914
Q86TW2-2|ENSG00000063761|ENST00000238561|ENSP00000238561
Q86TW2-3|ENSG00000063761|ENST00000341211|ENSP00000339663
Q8NI60-1|ENSG00000163050|ENST00000366779|ENSP00000355741
Q8NI60-1|ENSG00000163050|ENST00000366777|ENSP00000355739
Q8NI60-3|ENSG00000163050|ENST00000366778|ENSP00000355740
Q96D53-1|ENSG00000123815|ENST00000324464|ENSP00000315118
Q96D53-2|ENSG00000123815|ENST00000243583|ENSP00000243583
Q96QP1-1|ENSG00000073331|ENST00000650871|ENSP00000498374
Q96QP1-1|ENSG00000073331|ENST00000177648|ENSP00000177648
Q96QP1-1|ENSG00000073331|ENST00000458497|ENSP00000398048
Q96QP1-2|ENSG00000073331|ENST00000504176|ENSP00000426044
Q9BX84-1|ENSG00000119121|ENST00000360774|ENSP00000354006
Q9BX84-2|ENSG00000119121|ENST00000449912|ENSP00000396672
Q9BX84-3|ENSG00000119121|ENST00000361255|ENSP00000354962
Q14296-1|ENSG00000164896|ENST00000297532|ENSP00000297532
Q14296-2|ENSG00000164896|ENST00000353841|ENSP00000324817
Q14296-3|ENSG00000164896|ENST00000482571|ENSP00000418516
O14874-1|ENSG00000103507|ENST00000394951|ENSP00000378405
O14874-1|ENSG00000103507|ENST00000219794|ENSP00000219794
O14874-2|ENSG00000103507|ENST00000287507|ENSP00000287507
O14874-3|ENSG00000103507|ENST00000394950|ENSP00000378404
Q15118-1|ENSG00000152256|ENST00000282077|ENSP00000282077
Q15118-1|ENSG00000152256|ENST00000410055|ENSP00000386985
Q15118-2|ENSG00000152256|ENST00000392571|ENSP00000376352
Q15119-1|ENSG00000005882|ENST00000503176|ENSP00000420927
Q15119-2|ENSG00000005882|ENST00000007708|ENSP00000007708
Q15119-2|ENSG00000005882|ENST00000614357|ENSP00000481915
Q15120-1|ENSG00000067992|ENST00000379162|ENSP00000368460
Q15120-1|ENSG00000067992|ENST00000648777|ENSP00000497727
Q15120-2|ENSG00000067992|ENST00000568479|ENSP00000498864
Q13535-1|ENSG00000175054|ENST00000350721|ENSP00000343741
Q13535-2|ENSG00000175054|ENST00000661310|ENSP00000499589
O00329-1|ENSG00000171608|ENST00000377346|ENSP00000366563
P78527-1|ENSG00000253729|ENST00000314191|ENSP00000313420
P78527-2|ENSG00000253729|ENST00000338368|ENSP00000345182
Q96Q15-1|ENSG00000157106|ENST00000446231|ENSP00000402515
Q9BVS4-1|ENSG00000058729|ENST00000283109|ENSP00000283109
Q9BVS4-2|ENSG00000058729|ENST00000508447|ENSP00000420932
O14730-1|ENSG00000101782|ENST00000339486|ENSP00000341874
O14730-2|ENSG00000101782|ENST00000577501|ENSP00000462548
