uniprot|item
P31749|11
P31749|12
P31749|17
P31749|18
P31749|20
P31749|22
P31749|25
P31749|28
P31749|29
P31749|31
P31749|37
P31749|42
P31749|46
P31749|49
P31749|52
P31749|54
P31749|56
P31749|57
P31749|59
P31749|61
P31749|76
P31749|84
P31749|85
P31749|87
P31749|88
P31749|89
P31749|11
P31749|12
P31749|17
P31749|18
P31749|20
P31749|22
P31749|25
P31749|28
P31749|29
P31749|31
P31749|37
P31749|42
P31749|46
P31749|49
P31749|52
P31749|54
P31749|56
P31749|57
P31749|59
P31749|61
P31749|76
P31749|84
P31749|85
P31749|87
P31749|88
P31749|89
Q9Y243|16
Q9Y243|21
Q9Y243|16
Q9Y243|21
Q5VT25|7
Q5VT25|16
Q5VT25|17
Q5VT25|18
Q5VT25|22
Q5VT25|23
Q5VT25|24
Q5VT25|25
Q5VT25|26
Q5VT25|27
Q5VT25|7
Q5VT25|16
Q5VT25|17
Q5VT25|18
Q5VT25|22
Q5VT25|23
Q5VT25|24
Q5VT25|25
Q5VT25|26
Q5VT25|27
Q5VT25|7
Q5VT25|16
Q5VT25|17
Q5VT25|18
Q5VT25|22
Q5VT25|23
Q5VT25|24
Q5VT25|25
Q5VT25|26
Q5VT25|27
Q5VT25|7
Q5VT25|16
Q5VT25|17
Q5VT25|18
Q5VT25|22
Q5VT25|23
Q5VT25|24
Q5VT25|25
Q5VT25|26
Q5VT25|27
Q5VT25|7
Q5VT25|16
Q5VT25|17
Q5VT25|18
Q5VT25|22
Q5VT25|23
Q5VT25|24
Q5VT25|25
Q5VT25|26
Q5VT25|27
Q5VT25|7
Q5VT25|16
Q5VT25|17
Q5VT25|18
Q5VT25|22
Q5VT25|23
Q5VT25|24
Q5VT25|25
Q5VT25|26
Q5VT25|27
O14578|16
O14578|17
O14578|20
O14578|21
O14578|16
O14578|17
O14578|20
O14578|21
O14578|16
O14578|17
O14578|20
O14578|21
O14578|16
O14578|17
O14578|20
O14578|21
Q09013|7
Q09013|9
Q09013|10
Q09013|16
Q09013|21
Q09013|22
Q09013|7
Q09013|9
Q09013|10
Q09013|16
Q09013|21
Q09013|22
Q09013|7
Q09013|9
Q09013|10
Q09013|16
Q09013|21
Q09013|22
Q09013|7
Q09013|9
Q09013|10
Q09013|16
Q09013|21
Q09013|22
Q09013|7
Q09013|9
Q09013|10
Q09013|16
Q09013|21
Q09013|22
Q09013|7
Q09013|9
Q09013|10
Q09013|16
Q09013|21
Q09013|22
Q09013|7
Q09013|9
Q09013|10
Q09013|16
Q09013|21
Q09013|22
Q09013|7
Q09013|9
Q09013|10
Q09013|16
Q09013|21
Q09013|22
Q09013|7
Q09013|9
Q09013|10
Q09013|16
Q09013|21
Q09013|22
Q09013|7
Q09013|9
Q09013|10
Q09013|16
Q09013|21
Q09013|22
Q09013|7
Q09013|9
Q09013|10
Q09013|16
Q09013|21
Q09013|22
Q09013|7
Q09013|9
Q09013|10
Q09013|16
Q09013|21
Q09013|22
P32298|11
P32298|13
P32298|11
P32298|13
P32298|11
P32298|13
P32298|11
P32298|13
P43250|6
P43250|12
P43250|13
P43250|6
P43250|12
P43250|13
P43250|6
P43250|12
P43250|13
O95835|10
O95835|11
O95835|12
O95835|13
O95835|16
O95835|18
O95835|20
O95835|10
O95835|11
O95835|12
O95835|13
O95835|16
O95835|18
O95835|20
Q6P0Q8|11
Q6P0Q8|11
Q96GX5|12
Q96GX5|15
Q96GX5|16
Q96GX5|17
Q96GX5|18
Q96GX5|12
Q96GX5|15
Q96GX5|16
Q96GX5|17
Q96GX5|18
Q96GX5|12
Q96GX5|15
Q96GX5|16
Q96GX5|17
Q96GX5|18
O15530|11
O15530|14
O15530|15
O15530|17
O15530|20
O15530|21
O15530|26
O15530|27
O15530|30
O15530|31
O15530|34
O15530|39
O15530|40
O15530|42
O15530|43
O15530|11
O15530|14
O15530|15
O15530|17
O15530|20
O15530|21
O15530|26
O15530|27
O15530|30
O15530|31
O15530|34
O15530|39
O15530|40
O15530|42
O15530|43
O15530|11
O15530|14
O15530|15
O15530|17
O15530|20
O15530|21
O15530|26
O15530|27
O15530|30
O15530|31
O15530|34
O15530|39
O15530|40
O15530|42
O15530|43
O15530|11
O15530|14
O15530|15
O15530|17
O15530|20
O15530|21
O15530|26
O15530|27
O15530|30
O15530|31
O15530|34
O15530|39
O15530|40
O15530|42
O15530|43
O15530|11
O15530|14
O15530|15
O15530|17
O15530|20
O15530|21
O15530|26
O15530|27
O15530|30
O15530|31
O15530|34
O15530|39
O15530|40
O15530|42
O15530|43
Q16512|28
Q16512|29
Q16512|35
Q16512|38
Q16512|39
Q16512|41
Q16512|42
Q16512|43
Q16512|46
Q16512|48
Q16512|49
Q16512|28
Q16512|29
Q16512|35
Q16512|38
Q16512|39
Q16512|41
Q16512|42
Q16512|43
Q16512|46
Q16512|48
Q16512|49
Q16512|28
Q16512|29
Q16512|35
Q16512|38
Q16512|39
Q16512|41
Q16512|42
Q16512|43
Q16512|46
Q16512|48
Q16512|49
Q16513|16
Q16513|19
Q16513|21
Q16513|22
Q16513|23
Q16513|24
Q16513|25
Q16513|27
Q16513|28
Q16513|29
Q16513|30
Q16513|31
Q16513|24
Q16513|16
Q16513|19
Q16513|21
Q16513|22
Q16513|23
Q16513|24
Q16513|25
Q16513|27
Q16513|28
Q16513|29
Q16513|30
Q16513|31
Q16513|24
Q16513|16
Q16513|19
Q16513|21
Q16513|22
Q16513|23
Q16513|24
Q16513|25
Q16513|27
Q16513|28
Q16513|29
Q16513|30
Q16513|31
Q16513|24
Q16513|16
Q16513|19
Q16513|21
Q16513|22
Q16513|23
Q16513|24
Q16513|25
Q16513|27
Q16513|28
Q16513|29
Q16513|30
Q16513|31
Q16513|24
Q16513|16
Q16513|19
Q16513|21
Q16513|22
Q16513|23
Q16513|24
Q16513|25
Q16513|27
Q16513|28
Q16513|29
Q16513|30
Q16513|31
Q16513|24
P17612|16
P17612|17
P17612|18
P17612|20
P17612|22
P17612|23
P17612|26
P17612|27
P17612|29
P17612|32
P17612|33
P17612|34
P17612|36
P17612|16
P17612|17
P17612|18
P17612|20
P17612|22
P17612|23
P17612|26
P17612|27
P17612|29
P17612|32
P17612|33
P17612|34
P17612|36
P22694|8
P22694|10
P22694|11
P22694|8
P22694|10
P22694|11
P22694|8
P22694|10
P22694|11
P22694|8
P22694|10
P22694|11
P22694|8
P22694|10
P22694|11
P22694|8
P22694|10
P22694|11
P22694|8
P22694|10
P22694|11
P22694|8
P22694|10
P22694|11
P22694|8
P22694|10
P22694|11
P22694|8
P22694|10
P22694|11
P05771|7
P05771|13
P05771|19
P05771|20
P05771|21
P05771|7
P05771|13
P05771|19
P05771|20
P05771|21
Q05655|11
Q05655|17
Q05655|20
Q05655|22
Q05655|24
Q05655|28
Q05655|29
Q05655|30
Q05655|11
Q05655|17
Q05655|20
Q05655|22
Q05655|24
Q05655|28
Q05655|29
Q05655|30
P05129|4
P05129|5
P05129|13
P05129|4
P05129|5
P05129|13
P24723|12
P24723|13
P24723|14
P24723|15
P24723|17
P24723|20
P24723|21
P24723|23
P24723|24
P24723|25
P24723|12
P24723|13
P24723|14
P24723|15
P24723|17
P24723|20
P24723|21
P24723|23
P24723|24
P24723|25
Q04759|17
Q04759|19
Q04759|21
Q04759|23
Q04759|24
Q04759|25
Q04759|27
Q04759|29
Q04759|17
Q04759|19
Q04759|21
Q04759|23
Q04759|24
Q04759|25
Q04759|27
Q04759|29
Q04759|17
Q04759|19
Q04759|21
Q04759|23
Q04759|24
Q04759|25
Q04759|27
Q04759|29
Q05513|11
Q05513|15
Q05513|19
Q05513|21
Q05513|24
Q05513|27
Q05513|31
Q05513|5
Q05513|11
Q05513|15
Q05513|19
Q05513|21
Q05513|24
Q05513|27
Q05513|31
Q05513|5
Q05513|11
Q05513|15
Q05513|19
Q05513|21
Q05513|24
Q05513|27
Q05513|31
Q05513|5
Q13976|18
Q13976|19
Q13976|20
Q13976|21
Q13976|22
Q13976|23
Q13976|25
Q13976|35
Q13976|18
Q13976|19
Q13976|20
Q13976|21
Q13976|22
Q13976|23
Q13976|25
Q13976|35
Q13976|18
Q13976|19
Q13976|20
Q13976|21
Q13976|22
Q13976|23
Q13976|25
Q13976|35
Q13237|5
Q13237|6
Q13237|5
Q13237|6
Q15418|15
Q15418|16
Q15418|18
Q15418|19
Q15418|20
Q15418|22
Q15418|23
Q15418|24
Q15418|25
Q15418|26
Q15418|28
Q15418|30
Q15418|31
Q15418|33
Q15418|15
Q15418|16
Q15418|18
Q15418|19
Q15418|20
Q15418|22
Q15418|23
Q15418|24
Q15418|25
Q15418|26
Q15418|28
Q15418|30
Q15418|31
Q15418|33
Q15418|15
Q15418|16
Q15418|18
Q15418|19
Q15418|20
Q15418|22
Q15418|23
Q15418|24
Q15418|25
Q15418|26
Q15418|28
Q15418|30
Q15418|31
Q15418|33
Q15418|15
Q15418|16
Q15418|18
Q15418|19
Q15418|20
Q15418|22
Q15418|23
Q15418|24
Q15418|25
Q15418|26
Q15418|28
Q15418|30
Q15418|31
Q15418|33
Q15349|6
Q15349|8
Q15349|6
Q15349|8
Q15349|6
Q15349|8
O75676|8
O75676|9
O75676|11
O75676|8
O75676|9
O75676|11
O75582|6
O75582|8
O75582|9
O75582|10
O75582|11
O75582|12
O75582|13
O75582|17
O75582|19
O75582|20
O75582|21
O75582|6
O75582|8
O75582|9
O75582|10
O75582|11
O75582|12
O75582|13
O75582|17
O75582|19
O75582|20
O75582|21
O75582|6
O75582|8
O75582|9
O75582|10
O75582|11
O75582|12
O75582|13
O75582|17
O75582|19
O75582|20
O75582|21
Q9UK32|6
Q9UK32|7
Q9UK32|6
Q9UK32|7
P23443|16
P23443|18
P23443|19
P23443|20
P23443|21
P23443|22
P23443|24
P23443|25
P23443|28
P23443|30
P23443|31
P23443|33
P23443|35
P23443|36
P23443|37
P23443|39
P23443|16
P23443|18
P23443|19
P23443|20
P23443|21
P23443|22
P23443|24
P23443|25
P23443|28
P23443|30
P23443|31
P23443|33
P23443|35
P23443|36
P23443|37
P23443|39
P23443|16
P23443|18
P23443|19
P23443|20
P23443|21
P23443|22
P23443|24
P23443|25
P23443|28
P23443|30
P23443|31
P23443|33
P23443|35
P23443|36
P23443|37
P23443|39
P23443|16
P23443|18
P23443|19
P23443|20
P23443|21
P23443|22
P23443|24
P23443|25
P23443|28
P23443|30
P23443|31
P23443|33
P23443|35
P23443|36
P23443|37
P23443|39
P23443|16
P23443|18
P23443|19
P23443|20
P23443|21
P23443|22
P23443|24
P23443|25
P23443|28
P23443|30
P23443|31
P23443|33
P23443|35
P23443|36
P23443|37
P23443|39
Q9UBS0|10
Q9UBS0|10
O00141|10
O00141|12
O00141|13
O00141|14
O00141|15
O00141|17
O00141|18
O00141|19
O00141|20
O00141|21
O00141|22
O00141|23
O00141|24
O00141|25
O00141|26
O00141|27
O00141|29
O00141|30
O00141|31
O00141|32
O00141|33
O00141|34
O00141|35
O00141|37
O00141|39
O00141|40
O00141|41
O00141|44
O00141|45
O00141|47
O00141|48
O00141|49
O00141|10
O00141|12
O00141|13
O00141|14
O00141|15
O00141|17
O00141|18
O00141|19
O00141|20
O00141|21
O00141|22
O00141|23
O00141|24
O00141|25
O00141|26
O00141|27
O00141|29
O00141|30
O00141|31
O00141|32
O00141|33
O00141|34
O00141|35
O00141|37
O00141|39
O00141|40
O00141|41
O00141|44
O00141|45
O00141|47
O00141|48
O00141|49
O00141|10
O00141|12
O00141|13
O00141|14
O00141|15
O00141|17
O00141|18
O00141|19
O00141|20
O00141|21
O00141|22
O00141|23
O00141|24
O00141|25
O00141|26
O00141|27
O00141|29
O00141|30
O00141|31
O00141|32
O00141|33
O00141|34
O00141|35
O00141|37
O00141|39
O00141|40
O00141|41
O00141|44
O00141|45
O00141|47
O00141|48
O00141|49
O00141|10
O00141|12
O00141|13
O00141|14
O00141|15
O00141|17
O00141|18
O00141|19
O00141|20
O00141|21
O00141|22
O00141|23
O00141|24
O00141|25
O00141|26
O00141|27
O00141|29
O00141|30
O00141|31
O00141|32
O00141|33
O00141|34
O00141|35
O00141|37
O00141|39
O00141|40
O00141|41
O00141|44
O00141|45
O00141|47
O00141|48
O00141|49
O00141|10
O00141|12
O00141|13
O00141|14
O00141|15
O00141|17
O00141|18
O00141|19
O00141|20
O00141|21
O00141|22
O00141|23
O00141|24
O00141|25
O00141|26
O00141|27
O00141|29
O00141|30
O00141|31
O00141|32
O00141|33
O00141|34
O00141|35
O00141|37
O00141|39
O00141|40
O00141|41
O00141|44
O00141|45
O00141|47
O00141|48
O00141|49
Q9HBY8|7
Q9HBY8|8
Q9HBY8|9
Q9HBY8|10
Q9HBY8|11
Q9HBY8|13
Q9HBY8|14
Q9HBY8|7
Q9HBY8|8
Q9HBY8|9
Q9HBY8|10
Q9HBY8|11
Q9HBY8|13
Q9HBY8|14
Q9HBY8|7
Q9HBY8|8
Q9HBY8|9
Q9HBY8|10
Q9HBY8|11
Q9HBY8|13
Q9HBY8|14
Q96BR1|8
Q96BR1|9
Q96BR1|10
Q96BR1|11
Q96BR1|12
Q96BR1|13
Q96BR1|14
Q96BR1|16
Q96BR1|17
Q96BR1|18
Q96BR1|19
Q96BR1|20
Q96BR1|21
Q96BR1|22
Q96BR1|23
Q96BR1|25
Q96BR1|27
Q96BR1|29
Q96BR1|30
Q96BR1|31
Q96BR1|33
Q96BR1|8
Q96BR1|9
Q96BR1|10
Q96BR1|11
Q96BR1|12
Q96BR1|13
Q96BR1|14
Q96BR1|16
Q96BR1|17
Q96BR1|18
Q96BR1|19
Q96BR1|20
Q96BR1|21
Q96BR1|22
Q96BR1|23
Q96BR1|25
Q96BR1|27
Q96BR1|29
Q96BR1|30
Q96BR1|31
Q96BR1|33
Q9Y2H1|2
Q9Y2H1|6
Q9Y2H1|7
Q9Y2H1|2
Q9Y2H1|6
Q9Y2H1|7
Q8TDC3|8
Q8TDC3|9
Q8TDC3|13
Q8TDC3|14
Q8TDC3|8
Q8TDC3|9
Q8TDC3|13
Q8TDC3|14
Q8TDC3|8
Q8TDC3|9
Q8TDC3|13
Q8TDC3|14
Q8IWQ3|8
Q8IWQ3|12
Q8IWQ3|13
Q8IWQ3|15
Q8IWQ3|16
Q8IWQ3|17
Q8IWQ3|8
Q8IWQ3|12
Q8IWQ3|13
Q8IWQ3|15
Q8IWQ3|16
Q8IWQ3|17
Q8IWQ3|8
Q8IWQ3|12
Q8IWQ3|13
Q8IWQ3|15
Q8IWQ3|16
Q8IWQ3|17
Q8IWQ3|8
Q8IWQ3|12
Q8IWQ3|13
Q8IWQ3|15
Q8IWQ3|16
Q8IWQ3|17
Q8IWQ3|8
Q8IWQ3|12
Q8IWQ3|13
Q8IWQ3|15
Q8IWQ3|16
Q8IWQ3|17
Q8IWQ3|8
Q8IWQ3|12
Q8IWQ3|13
Q8IWQ3|15
Q8IWQ3|16
Q8IWQ3|17
Q8IU85|7
Q8IU85|9
Q8IU85|10
Q8IU85|11
Q8IU85|7
Q8IU85|9
Q8IU85|10
Q8IU85|11
Q96NX5|2
Q96NX5|2
Q9UQM7|5
Q9UQM7|10
Q9UQM7|12
Q9UQM7|13
Q9UQM7|5
Q9UQM7|10
Q9UQM7|12
Q9UQM7|13
Q13554|10
Q13554|13
Q13554|10
Q13554|13
Q13554|10
Q13554|13
Q13554|10
Q13554|13
Q13554|10
Q13554|13
Q13554|10
Q13554|13
Q13554|10
Q13554|13
Q13554|10
Q13554|13
Q13557|13
Q13557|14
Q13557|13
Q13557|14
Q13557|13
Q13557|14
Q13557|13
Q13557|14
Q13557|13
Q13557|14
Q13557|13
Q13557|14
Q13557|13
Q13557|14
Q13557|13
Q13557|14
Q13557|13
Q13557|14
Q13557|13
Q13557|14
Q13555|14
Q13555|14
Q13555|14
Q13555|14
Q13555|14
Q13555|14
Q13555|14
Q13555|14
Q13555|14
Q13555|14
Q13555|14
O96017|9
O96017|12
O96017|14
O96017|16
O96017|25
O96017|28
O96017|30
O96017|31
O96017|42
O96017|46
O96017|47
O96017|48
O96017|49
O96017|50
O96017|51
O96017|53
O96017|56
O96017|57
O96017|58
O96017|59
O96017|9
O96017|12
O96017|14
O96017|16
O96017|25
O96017|28
O96017|30
O96017|31
O96017|42
O96017|46
O96017|47
O96017|48
O96017|49
O96017|50
O96017|51
O96017|53
O96017|56
O96017|57
O96017|58
O96017|59
O96017|9
O96017|12
O96017|14
O96017|16
O96017|25
O96017|28
O96017|30
O96017|31
O96017|42
O96017|46
O96017|47
O96017|48
O96017|49
O96017|50
O96017|51
O96017|53
O96017|56
O96017|57
O96017|58
O96017|59
O96017|9
O96017|12
O96017|14
O96017|16
O96017|25
O96017|28
O96017|30
O96017|31
O96017|42
O96017|46
O96017|47
O96017|48
O96017|49
O96017|50
O96017|51
O96017|53
O96017|56
O96017|57
O96017|58
O96017|59
O96017|9
O96017|12
O96017|14
O96017|16
O96017|25
O96017|28
O96017|30
O96017|31
O96017|42
O96017|46
O96017|47
O96017|48
O96017|49
O96017|50
O96017|51
O96017|53
O96017|56
O96017|57
O96017|58
O96017|59
O96017|9
O96017|12
O96017|14
O96017|16
O96017|25
O96017|28
O96017|30
O96017|31
O96017|42
O96017|46
O96017|47
O96017|48
O96017|49
O96017|50
O96017|51
O96017|53
O96017|56
O96017|57
O96017|58
O96017|59
O96017|9
O96017|12
O96017|14
O96017|16
O96017|25
O96017|28
O96017|30
O96017|31
O96017|42
O96017|46
O96017|47
O96017|48
O96017|49
O96017|50
O96017|51
O96017|53
O96017|56
O96017|57
O96017|58
O96017|59
O96017|9
O96017|12
O96017|14
O96017|16
O96017|25
O96017|28
O96017|30
O96017|31
O96017|42
O96017|46
O96017|47
O96017|48
O96017|49
O96017|50
O96017|51
O96017|53
O96017|56
O96017|57
O96017|58
O96017|59
O96017|9
O96017|12
O96017|14
O96017|16
O96017|25
O96017|28
O96017|30
O96017|31
O96017|42
O96017|46
O96017|47
O96017|48
O96017|49
O96017|50
O96017|51
O96017|53
O96017|56
O96017|57
O96017|58
O96017|59
O96017|9
O96017|12
O96017|14
O96017|16
O96017|25
O96017|28
O96017|30
O96017|31
O96017|42
O96017|46
O96017|47
O96017|48
O96017|49
O96017|50
O96017|51
O96017|53
O96017|56
O96017|57
O96017|58
O96017|59
O96017|9
O96017|12
O96017|14
O96017|16
O96017|25
O96017|28
O96017|30
O96017|31
O96017|42
O96017|46
O96017|47
O96017|48
O96017|49
O96017|50
O96017|51
O96017|53
O96017|56
O96017|57
O96017|58
O96017|59
O96017|9
O96017|12
O96017|14
O96017|16
O96017|25
O96017|28
O96017|30
O96017|31
O96017|42
O96017|46
O96017|47
O96017|48
O96017|49
O96017|50
O96017|51
O96017|53
O96017|56
O96017|57
O96017|58
O96017|59
O96017|9
O96017|12
O96017|14
O96017|16
O96017|25
O96017|28
O96017|30
O96017|31
O96017|42
O96017|46
O96017|47
O96017|48
O96017|49
O96017|50
O96017|51
O96017|53
O96017|56
O96017|57
O96017|58
O96017|59
Q9UIK4|13
Q9UIK4|15
Q9UIK4|16
Q9UIK4|13
Q9UIK4|15
Q9UIK4|16
O43293|9
O43293|10
O43293|11
O43293|12
O43293|13
O43293|15
O43293|18
O43293|19
O43293|20
O43293|23
O43293|25
O43293|27
O43293|28
O43293|29
O43293|30
O43293|31
O43293|9
O43293|10
O43293|11
O43293|12
O43293|13
O43293|15
O43293|18
O43293|19
O43293|20
O43293|23
O43293|25
O43293|27
O43293|28
O43293|29
O43293|30
O43293|31
Q8N568|2
Q8N568|2
Q8N568|2
O60229|15
O60229|15
O60229|15
O60229|15
O60229|15
P49137|15
P49137|16
P49137|18
P49137|19
P49137|20
P49137|21
P49137|22
P49137|24
P49137|25
P49137|26
P49137|32
P49137|34
P49137|35
P49137|37
P49137|38
P49137|39
P49137|40
P49137|15
P49137|16
P49137|18
P49137|19
P49137|20
P49137|21
P49137|22
P49137|24
P49137|25
P49137|26
P49137|32
P49137|34
P49137|35
P49137|37
P49137|38
P49137|39
P49137|40
Q8IW41|10
Q8IW41|12
Q8IW41|13
Q8IW41|14
Q8IW41|15
Q8IW41|10
Q8IW41|12
Q8IW41|13
Q8IW41|14
Q8IW41|15
Q9P0L2|14
Q9P0L2|17
Q9P0L2|19
Q9P0L2|14
Q9P0L2|17
Q9P0L2|19
Q9P0L2|14
Q9P0L2|17
Q9P0L2|19
Q7KZI7|20
Q7KZI7|21
Q7KZI7|22
Q7KZI7|24
Q7KZI7|25
Q7KZI7|26
Q7KZI7|28
Q7KZI7|30
Q7KZI7|32
Q7KZI7|34
Q7KZI7|35
Q7KZI7|20
Q7KZI7|21
Q7KZI7|22
Q7KZI7|24
Q7KZI7|25
Q7KZI7|26
Q7KZI7|28
Q7KZI7|30
Q7KZI7|32
Q7KZI7|34
Q7KZI7|35
Q7KZI7|20
Q7KZI7|21
Q7KZI7|22
Q7KZI7|24
Q7KZI7|25
Q7KZI7|26
Q7KZI7|28
Q7KZI7|30
Q7KZI7|32
Q7KZI7|34
Q7KZI7|35
Q7KZI7|20
Q7KZI7|21
Q7KZI7|22
Q7KZI7|24
Q7KZI7|25
Q7KZI7|26
Q7KZI7|28
Q7KZI7|30
Q7KZI7|32
Q7KZI7|34
Q7KZI7|35
Q7KZI7|20
Q7KZI7|21
Q7KZI7|22
Q7KZI7|24
Q7KZI7|25
Q7KZI7|26
Q7KZI7|28
Q7KZI7|30
Q7KZI7|32
Q7KZI7|34
Q7KZI7|35
Q7KZI7|20
Q7KZI7|21
Q7KZI7|22
Q7KZI7|24
Q7KZI7|25
Q7KZI7|26
Q7KZI7|28
Q7KZI7|30
Q7KZI7|32
Q7KZI7|34
Q7KZI7|35
Q7KZI7|20
Q7KZI7|21
Q7KZI7|22
Q7KZI7|24
Q7KZI7|25
Q7KZI7|26
Q7KZI7|28
Q7KZI7|30
Q7KZI7|32
Q7KZI7|34
Q7KZI7|35
Q7KZI7|20
Q7KZI7|21
Q7KZI7|22
Q7KZI7|24
Q7KZI7|25
Q7KZI7|26
Q7KZI7|28
Q7KZI7|30
Q7KZI7|32
Q7KZI7|34
Q7KZI7|35
Q7KZI7|20
Q7KZI7|21
Q7KZI7|22
Q7KZI7|24
Q7KZI7|25
Q7KZI7|26
Q7KZI7|28
Q7KZI7|30
Q7KZI7|32
Q7KZI7|34
Q7KZI7|35
Q7KZI7|20
Q7KZI7|21
Q7KZI7|22
Q7KZI7|24
Q7KZI7|25
Q7KZI7|26
Q7KZI7|28
Q7KZI7|30
Q7KZI7|32
Q7KZI7|34
Q7KZI7|35
Q7KZI7|20
Q7KZI7|21
Q7KZI7|22
Q7KZI7|24
Q7KZI7|25
Q7KZI7|26
Q7KZI7|28
Q7KZI7|30
Q7KZI7|32
Q7KZI7|34
Q7KZI7|35
Q7KZI7|20
Q7KZI7|21
Q7KZI7|22
Q7KZI7|24
Q7KZI7|25
Q7KZI7|26
Q7KZI7|28
Q7KZI7|30
Q7KZI7|32
Q7KZI7|34
Q7KZI7|35
Q7KZI7|20
Q7KZI7|21
Q7KZI7|22
Q7KZI7|24
Q7KZI7|25
Q7KZI7|26
Q7KZI7|28
Q7KZI7|30
Q7KZI7|32
Q7KZI7|34
Q7KZI7|35
Q7KZI7|20
Q7KZI7|21
Q7KZI7|22
Q7KZI7|24
Q7KZI7|25
Q7KZI7|26
Q7KZI7|28
Q7KZI7|30
Q7KZI7|32
Q7KZI7|34
Q7KZI7|35
Q7KZI7|20
Q7KZI7|21
Q7KZI7|22
Q7KZI7|24
Q7KZI7|25
Q7KZI7|26
Q7KZI7|28
Q7KZI7|30
Q7KZI7|32
Q7KZI7|34
Q7KZI7|35
Q7KZI7|20
Q7KZI7|21
Q7KZI7|22
Q7KZI7|24
Q7KZI7|25
Q7KZI7|26
Q7KZI7|28
Q7KZI7|30
Q7KZI7|32
Q7KZI7|34
Q7KZI7|35
P27448|16
P27448|19
P27448|20
P27448|16
P27448|19
P27448|20
P27448|16
P27448|19
P27448|20
P27448|16
P27448|19
P27448|20
P27448|16
P27448|19
P27448|20
P27448|16
P27448|19
P27448|20
P27448|16
P27448|19
P27448|20
Q96L34|3
Q96L34|9
Q96L34|11
Q96L34|15
Q96L34|16
Q96L34|17
Q96L34|18
Q96L34|3
Q96L34|9
Q96L34|11
Q96L34|15
Q96L34|16
Q96L34|17
Q96L34|18
Q14680|17
Q14680|18
Q14680|19
Q14680|21
Q14680|23
Q14680|25
Q14680|17
Q14680|18
Q14680|19
Q14680|21
Q14680|23
Q14680|25
Q14680|17
Q14680|18
Q14680|19
Q14680|21
Q14680|23
Q14680|25
Q14680|17
Q14680|18
Q14680|19
Q14680|21
Q14680|23
Q14680|25
Q14680|17
Q14680|18
Q14680|19
Q14680|21
Q14680|23
Q14680|25
Q14680|17
Q14680|18
Q14680|19
Q14680|21
Q14680|23
Q14680|25
Q14680|17
Q14680|18
Q14680|19
Q14680|21
Q14680|23
Q14680|25
Q14680|17
Q14680|18
Q14680|19
Q14680|21
Q14680|23
Q14680|25
Q9BUB5|8
Q9BUB5|10
Q9BUB5|12
Q9BUB5|13
Q9BUB5|8
Q9BUB5|10
Q9BUB5|12
Q9BUB5|13
Q9BUB5|8
Q9BUB5|10
Q9BUB5|12
Q9BUB5|13
Q9HBH9|11
Q9HBH9|12
Q9HBH9|13
Q9HBH9|14
Q9HBH9|18
Q9HBH9|19
Q9HBH9|22
Q9HBH9|23
Q9HBH9|24
Q9HBH9|11
Q9HBH9|12
Q9HBH9|13
Q9HBH9|14
Q9HBH9|18
Q9HBH9|19
Q9HBH9|22
Q9HBH9|23
Q9HBH9|24
Q9HBH9|11
Q9HBH9|12
Q9HBH9|13
Q9HBH9|14
Q9HBH9|18
Q9HBH9|19
Q9HBH9|22
Q9HBH9|23
Q9HBH9|24
Q9HBH9|11
Q9HBH9|12
Q9HBH9|13
Q9HBH9|14
Q9HBH9|18
Q9HBH9|19
Q9HBH9|22
Q9HBH9|23
Q9HBH9|24
Q9HBH9|11
Q9HBH9|12
Q9HBH9|13
Q9HBH9|14
Q9HBH9|18
Q9HBH9|19
Q9HBH9|22
Q9HBH9|23
Q9HBH9|24
Q15746|16
Q15746|17
Q15746|20
Q15746|21
Q15746|22
Q15746|23
Q15746|27
Q15746|28
Q15746|31
Q15746|33
Q15746|34
Q15746|35
Q15746|36
Q15746|16
Q15746|17
Q15746|20
Q15746|21
Q15746|22
Q15746|23
Q15746|27
Q15746|28
Q15746|31
Q15746|33
Q15746|34
Q15746|35
Q15746|36
Q15746|16
Q15746|17
Q15746|20
Q15746|21
Q15746|22
Q15746|23
Q15746|27
Q15746|28
Q15746|31
Q15746|33
Q15746|34
Q15746|35
Q15746|36
Q15746|16
Q15746|17
Q15746|20
Q15746|21
Q15746|22
Q15746|23
Q15746|27
Q15746|28
Q15746|31
Q15746|33
Q15746|34
Q15746|35
Q15746|36
Q15746|16
Q15746|17
Q15746|20
Q15746|21
Q15746|22
Q15746|23
Q15746|27
Q15746|28
Q15746|31
Q15746|33
Q15746|34
Q15746|35
Q15746|36
Q15746|16
Q15746|17
Q15746|20
Q15746|21
Q15746|22
Q15746|23
Q15746|27
Q15746|28
Q15746|31
Q15746|33
Q15746|34
Q15746|35
Q15746|36
Q15746|16
Q15746|17
Q15746|20
Q15746|21
Q15746|22
Q15746|23
Q15746|27
Q15746|28
Q15746|31
Q15746|33
Q15746|34
Q15746|35
Q15746|36
Q15746|16
Q15746|17
Q15746|20
Q15746|21
Q15746|22
Q15746|23
Q15746|27
Q15746|28
Q15746|31
Q15746|33
Q15746|34
Q15746|35
Q15746|36
Q15746|16
Q15746|17
Q15746|20
Q15746|21
Q15746|22
Q15746|23
Q15746|27
Q15746|28
Q15746|31
Q15746|33
Q15746|34
Q15746|35
Q15746|36
Q15746|16
Q15746|17
Q15746|20
Q15746|21
Q15746|22
Q15746|23
Q15746|27
Q15746|28
Q15746|31
Q15746|33
Q15746|34
Q15746|35
Q15746|36
Q15746|16
Q15746|17
Q15746|20
Q15746|21
Q15746|22
Q15746|23
Q15746|27
Q15746|28
Q15746|31
Q15746|33
Q15746|34
Q15746|35
Q15746|36
Q32MK0|2
Q32MK0|2
O60285|4
O60285|5
O60285|7
O60285|8
O60285|13
O60285|14
O60285|15
O60285|16
O60285|4
O60285|5
O60285|7
O60285|8
O60285|13
O60285|14
O60285|15
O60285|16
Q5VST9|21
Q5VST9|30
Q5VST9|34
Q5VST9|38
Q5VST9|21
Q5VST9|30
Q5VST9|34
Q5VST9|38
Q5VST9|21
Q5VST9|30
Q5VST9|34
Q5VST9|38
Q5VST9|21
Q5VST9|30
Q5VST9|34
Q5VST9|38
Q5VST9|21
Q5VST9|30
Q5VST9|34
Q5VST9|38
Q96RG2|10
Q96RG2|11
Q96RG2|13
Q96RG2|14
Q96RG2|15
Q96RG2|16
Q96RG2|10
Q96RG2|11
Q96RG2|13
Q96RG2|14
Q96RG2|15
Q96RG2|16
Q96RG2|10
Q96RG2|11
Q96RG2|13
Q96RG2|14
Q96RG2|15
Q96RG2|16
Q16816|1
Q16816|1
P15735|3
P15735|6
P15735|3
P15735|6
P11309|10
P11309|11
P11309|14
P11309|19
P11309|21
P11309|22
P11309|23
P11309|24
P11309|10
P11309|11
P11309|14
P11309|19
P11309|21
P11309|22
P11309|23
P11309|24
Q6P2M8|1
Q6P2M8|1
Q6P2M8|1
Q6P2M8|1
Q6P2M8|1
Q13131|13
Q13131|16
Q13131|17
Q13131|19
Q13131|20
Q13131|23
Q13131|29
Q13131|30
Q13131|31
Q13131|33
Q13131|35
Q13131|36
Q13131|37
Q13131|40
Q13131|13
Q13131|16
Q13131|17
Q13131|19
Q13131|20
Q13131|23
Q13131|29
Q13131|30
Q13131|31
Q13131|33
Q13131|35
Q13131|36
Q13131|37
Q13131|40
Q9BZL6|10
Q9BZL6|17
Q9BZL6|18
Q9BZL6|19
Q9BZL6|20
Q9BZL6|22
Q9BZL6|23
Q9BZL6|25
Q9BZL6|26
Q9BZL6|27
Q9BZL6|28
Q9BZL6|29
Q9BZL6|10
Q9BZL6|17
Q9BZL6|18
Q9BZL6|19
Q9BZL6|20
Q9BZL6|22
Q9BZL6|23
Q9BZL6|25
Q9BZL6|26
Q9BZL6|27
Q9BZL6|28
Q9BZL6|29
Q9BZL6|10
Q9BZL6|17
Q9BZL6|18
Q9BZL6|19
Q9BZL6|20
Q9BZL6|22
Q9BZL6|23
Q9BZL6|25
Q9BZL6|26
Q9BZL6|27
Q9BZL6|28
Q9BZL6|29
O94806|8
O94806|8
Q9Y2K2|6
Q9Y2K2|17
Q9Y2K2|22
Q9Y2K2|6
Q9Y2K2|17
Q9Y2K2|22
Q9Y2K2|6
Q9Y2K2|17
Q9Y2K2|22
Q9Y2K2|6
Q9Y2K2|17
Q9Y2K2|22
Q9NRH2|6
Q9NRH2|11
Q9NRH2|14
Q9NRH2|6
Q9NRH2|11
Q9NRH2|14
Q15831|12
Q15831|16
Q15831|17
Q15831|18
Q15831|19
Q15831|20
Q15831|21
Q15831|22
Q15831|25
Q15831|29
Q15831|34
Q15831|4
Q15831|12
Q15831|16
Q15831|17
Q15831|18
Q15831|19
Q15831|20
Q15831|21
Q15831|22
Q15831|25
Q15831|29
Q15831|34
Q15831|4
Q9BYT3|1
Q9BYT3|8
Q9BYT3|1
Q9BYT3|8
Q8N2I9|4
Q8N2I9|4
Q8N2I9|4
Q8N2I9|4
Q96RU8|6
Q96RU8|8
Q96RU8|11
Q96RU8|15
Q96RU8|6
Q96RU8|8
Q96RU8|11
Q96RU8|15
O75962|8
O75962|16
O75962|19
O75962|23
O75962|24
O75962|8
O75962|16
O75962|19
O75962|23
O75962|24
O75962|8
O75962|16
O75962|19
O75962|23
O75962|24
O75962|8
O75962|16
O75962|19
O75962|23
O75962|24
O75962|8
O75962|16
O75962|19
O75962|23
O75962|24
Q6SA08|1
Q6SA08|4
Q6SA08|1
Q6SA08|4
Q6SA08|1
Q6SA08|4
Q8WZ42|59
Q8WZ42|59
Q8WZ42|59
Q8WZ42|59
Q8WZ42|59
Q8WZ42|59
Q8WZ42|59
Q8WZ42|59
Q8WZ42|59
Q8WZ42|59
Q8WZ42|59
Q8WZ42|59
Q8WZ42|59
P48729|11
P48729|12
P48729|14
P48729|15
P48729|11
P48729|12
P48729|14
P48729|15
P48729|11
P48729|12
P48729|14
P48729|15
P48730|14
P48730|19
P48730|21
P48730|24
P48730|28
P48730|29
P48730|30
P48730|31
P48730|33
P48730|34
P48730|35
P48730|36
P48730|37
P48730|38
P48730|39
P48730|41
P48730|44
P48730|14
P48730|19
P48730|21
P48730|24
P48730|28
P48730|29
P48730|30
P48730|31
P48730|33
P48730|34
P48730|35
P48730|36
P48730|37
P48730|38
P48730|39
P48730|41
P48730|44
Q9HCP0|3
Q9HCP0|7
Q9HCP0|3
Q9HCP0|7
Q9Y6M4|8
Q9Y6M4|8
Q9Y6M4|8
Q9Y6M4|8
Q9Y6M4|8
Q9Y6M4|8
Q5TCY1|9
Q5TCY1|9
Q6IQ55|9
Q6IQ55|11
Q6IQ55|9
Q6IQ55|11
Q6IQ55|9
Q6IQ55|11
Q8IV63|7
Q8IV63|9
Q8IV63|12
Q8IV63|7
Q8IV63|9
Q8IV63|12
Q8IV63|7
Q8IV63|9
Q8IV63|12
P06493|22
P06493|23
P06493|24
P06493|25
P06493|27
P06493|28
P06493|29
P06493|31
P06493|32
P06493|33
P06493|34
P06493|35
P06493|36
P06493|37
P06493|40
P06493|41
P06493|42
P06493|43
P06493|44
P06493|45
P06493|39
P06493|22
P06493|23
P06493|24
P06493|25
P06493|27
P06493|28
P06493|29
P06493|31
P06493|32
P06493|33
P06493|34
P06493|35
P06493|36
P06493|37
P06493|40
P06493|41
P06493|42
P06493|43
P06493|44
P06493|45
P06493|39
Q15131|6
Q15131|7
Q15131|6
Q15131|7
Q15131|6
Q15131|7
Q15131|6
Q15131|7
Q15131|6
Q15131|7
Q15131|6
Q15131|7
Q15131|6
Q15131|7
Q9UQ88|7
Q9UQ88|8
Q9UQ88|7
Q9UQ88|8
Q9UQ88|7
Q9UQ88|8
Q9UQ88|7
Q9UQ88|8
Q9UQ88|7
Q9UQ88|8
Q9UQ88|7
Q9UQ88|8
Q9UQ88|7
Q9UQ88|8
Q9UQ88|7
Q9UQ88|8
P21127|13
P21127|14
P21127|20
P21127|21
P21127|13
P21127|14
P21127|20
P21127|21
P21127|13
P21127|14
P21127|20
P21127|21
P21127|13
P21127|14
P21127|20
P21127|21
P21127|13
P21127|14
P21127|20
P21127|21
P21127|13
P21127|14
P21127|20
P21127|21
P21127|13
P21127|14
P21127|20
P21127|21
P21127|13
P21127|14
P21127|20
P21127|21
P21127|13
P21127|14
P21127|20
P21127|21
P21127|13
P21127|14
P21127|20
P21127|21
Q9NYV4|19
Q9NYV4|21
Q9NYV4|22
Q9NYV4|23
Q9NYV4|24
Q9NYV4|19
Q9NYV4|21
Q9NYV4|22
Q9NYV4|23
Q9NYV4|24
Q9NYV4|19
Q9NYV4|21
Q9NYV4|22
Q9NYV4|23
Q9NYV4|24
Q14004|16
Q14004|17
Q14004|19
Q14004|20
Q14004|16
Q14004|17
Q14004|19
Q14004|20
O94921|8
O94921|11
O94921|12
O94921|13
O94921|8
O94921|11
O94921|12
O94921|13
O94921|8
O94921|11
O94921|12
O94921|13
Q96Q40|5
Q96Q40|5
Q96Q40|5
Q96Q40|5
Q96Q40|5
Q00536|9
Q00536|13
Q00536|14
Q00536|15
Q00536|9
Q00536|13
Q00536|14
Q00536|15
Q00536|9
Q00536|13
Q00536|14
Q00536|15
Q00537|7
Q00537|7
P24941|17
P24941|20
P24941|21
P24941|22
P24941|23
P24941|24
P24941|25
P24941|29
P24941|36
P24941|41
P24941|44
P24941|48
P24941|49
P24941|50
P24941|51
P24941|53
P24941|54
P24941|55
P24941|58
P24941|61
P24941|62
P24941|17
P24941|20
P24941|21
P24941|22
P24941|23
P24941|24
P24941|25
P24941|29
P24941|36
P24941|41
P24941|44
P24941|48
P24941|49
P24941|50
P24941|51
P24941|53
P24941|54
P24941|55
P24941|58
P24941|61
P24941|62
Q8IZL9|1
Q8IZL9|4
Q8IZL9|1
Q8IZL9|4
Q8IZL9|1
Q8IZL9|4
Q8IZL9|1
Q8IZL9|4
Q8IZL9|1
Q8IZL9|4
P11802|13
P11802|17
P11802|28
P11802|13
P11802|17
P11802|28
Q00535|13
Q00535|14
Q00535|17
Q00535|18
Q00535|19
Q00535|22
Q00535|23
Q00535|24
Q00535|25
Q00535|26
Q00535|27
Q00535|28
Q00535|29
Q00535|30
Q00535|31
Q00535|32
Q00535|33
Q00535|34
Q00535|35
Q00535|37
Q00535|40
Q00535|13
Q00535|14
Q00535|17
Q00535|18
Q00535|19
Q00535|22
Q00535|23
Q00535|24
Q00535|25
Q00535|26
Q00535|27
Q00535|28
Q00535|29
Q00535|30
Q00535|31
Q00535|32
Q00535|33
Q00535|34
Q00535|35
Q00535|37
Q00535|40
P49336|7
P49336|9
P49336|7
P49336|9
P50750|14
P50750|15
P50750|16
P50750|18
P50750|20
P50750|21
P50750|22
P50750|23
P50750|24
P50750|25
P50750|28
P50750|29
P50750|31
P50750|32
P50750|36
P50750|39
P50750|44
P50750|45
P50750|46
P50750|49
P50750|52
P50750|53
P50750|54
P50750|63
P50750|67
P50750|14
P50750|15
P50750|16
P50750|18
P50750|20
P50750|21
P50750|22
P50750|23
P50750|24
P50750|25
P50750|28
P50750|29
P50750|31
P50750|32
P50750|36
P50750|39
P50750|44
P50750|45
P50750|46
P50750|49
P50750|52
P50750|53
P50750|54
P50750|63
P50750|67
O76039|13
O76039|16
O76039|30
O76039|13
O76039|16
O76039|30
P49759|11
P49759|14
P49759|11
P49759|14
P49759|11
P49759|14
P49760|13
P49760|15
P49760|18
P49760|19
P49760|20
P49760|13
P49760|15
P49760|18
P49760|19
P49760|20
P49760|13
P49760|15
P49760|18
P49760|19
P49760|20
P49761|16
P49761|17
P49761|16
P49761|17
P49761|16
P49761|17
P49761|16
P49761|17
Q13627|11
Q13627|13
Q13627|22
Q13627|23
Q13627|29
Q13627|32
Q13627|11
Q13627|13
Q13627|22
Q13627|23
Q13627|29
Q13627|32
Q13627|11
Q13627|13
Q13627|22
Q13627|23
Q13627|29
Q13627|32
Q13627|11
Q13627|13
Q13627|22
Q13627|23
Q13627|29
Q13627|32
Q13627|11
Q13627|13
Q13627|22
Q13627|23
Q13627|29
Q13627|32
Q9Y463|6
Q9Y463|7
Q9Y463|8
Q9Y463|12
Q9Y463|6
Q9Y463|7
Q9Y463|8
Q9Y463|12
Q9Y463|6
Q9Y463|7
Q9Y463|8
Q9Y463|12
Q92630|8
Q92630|9
Q92630|11
Q92630|13
Q92630|14
Q92630|15
Q92630|17
Q92630|18
Q92630|19
Q92630|20
Q92630|24
Q92630|25
Q92630|27
Q92630|28
Q92630|8
Q92630|9
Q92630|11
Q92630|13
Q92630|14
Q92630|15
Q92630|17
Q92630|18
Q92630|19
Q92630|20
Q92630|24
Q92630|25
Q92630|27
Q92630|28
O43781|5
O43781|7
O43781|8
O43781|9
O43781|10
O43781|11
O43781|5
O43781|7
O43781|8
O43781|9
O43781|10
O43781|11
Q9NR20|1
Q9NR20|1
Q9NR20|1
Q9NR20|1
Q9NR20|1
P49841|15
P49841|18
P49841|21
P49841|22
P49841|23
P49841|24
P49841|27
P49841|30
P49841|31
P49841|32
P49841|36
P49841|40
P49841|41
P49841|43
P49841|46
P49841|51
P49841|52
P49841|56
P49841|58
P49841|60
P49841|15
P49841|18
P49841|21
P49841|22
P49841|23
P49841|24
P49841|27
P49841|30
P49841|31
P49841|32
P49841|36
P49841|40
P49841|41
P49841|43
P49841|46
P49841|51
P49841|52
P49841|56
P49841|58
P49841|60
Q86Z02|9
Q86Z02|10
Q86Z02|11
Q86Z02|12
Q86Z02|15
Q86Z02|16
Q86Z02|9
Q86Z02|10
Q86Z02|11
Q86Z02|12
Q86Z02|15
Q86Z02|16
Q86Z02|9
Q86Z02|10
Q86Z02|11
Q86Z02|12
Q86Z02|15
Q86Z02|16
Q86Z02|9
Q86Z02|10
Q86Z02|11
Q86Z02|12
Q86Z02|15
Q86Z02|16
Q9H2X6|8
Q9H2X6|10
Q9H2X6|12
Q9H2X6|13
Q9H2X6|16
Q9H2X6|19
Q9H2X6|21
Q9H2X6|24
Q9H2X6|25
Q9H2X6|27
Q9H2X6|28
Q9H2X6|29
Q9H2X6|31
Q9H2X6|33
Q9H2X6|34
Q9H2X6|35
Q9H2X6|37
Q9H2X6|38
Q9H2X6|8
Q9H2X6|10
Q9H2X6|12
Q9H2X6|13
Q9H2X6|16
Q9H2X6|19
Q9H2X6|21
Q9H2X6|24
Q9H2X6|25
Q9H2X6|27
Q9H2X6|28
Q9H2X6|29
Q9H2X6|31
Q9H2X6|33
Q9H2X6|34
Q9H2X6|35
Q9H2X6|37
Q9H2X6|38
Q9H2X6|8
Q9H2X6|10
Q9H2X6|12
Q9H2X6|13
Q9H2X6|16
Q9H2X6|19
Q9H2X6|21
Q9H2X6|24
Q9H2X6|25
Q9H2X6|27
Q9H2X6|28
Q9H2X6|29
Q9H2X6|31
Q9H2X6|33
Q9H2X6|34
Q9H2X6|35
Q9H2X6|37
Q9H2X6|38
Q9H422|8
Q9H422|9
Q9H422|8
Q9H422|9
Q9UPZ9|2
Q9UPZ9|3
Q9UPZ9|11
Q9UPZ9|12
Q9UPZ9|2
Q9UPZ9|3
Q9UPZ9|11
Q9UPZ9|12
P20794|1
P20794|4
P20794|5
P20794|9
P20794|1
P20794|4
P20794|5
P20794|9
P20794|1
P20794|4
P20794|5
P20794|9
P28482|22
P28482|25
P28482|26
P28482|27
P28482|29
P28482|30
P28482|32
P28482|33
P28482|34
P28482|35
P28482|36
P28482|38
P28482|39
P28482|40
P28482|41
P28482|44
P28482|52
P28482|55
P28482|59
P28482|60
P28482|62
P28482|63
P28482|65
P28482|66
P28482|67
P28482|68
P28482|71
P28482|72
P28482|73
P28482|74
P28482|59
P28482|22
P28482|25
P28482|26
P28482|27
P28482|29
P28482|30
P28482|32
P28482|33
P28482|34
P28482|35
P28482|36
P28482|38
P28482|39
P28482|40
P28482|41
P28482|44
P28482|52
P28482|55
P28482|59
P28482|60
P28482|62
P28482|63
P28482|65
P28482|66
P28482|67
P28482|68
P28482|71
P28482|72
P28482|73
P28482|74
P28482|59
P53779|13
P53779|20
P53779|21
P53779|13
P53779|20
P53779|21
P53779|13
P53779|20
P53779|21
Q15759|6
Q15759|7
Q15759|9
Q15759|13
Q15759|14
Q15759|6
Q15759|7
Q15759|9
Q15759|13
Q15759|14
P53778|8
P53778|11
P53778|15
P53778|16
P53778|17
P53778|19
P53778|20
P53778|8
P53778|11
P53778|15
P53778|16
P53778|17
P53778|19
P53778|20
O15264|9
O15264|10
O15264|11
O15264|12
O15264|14
O15264|15
O15264|16
O15264|19
O15264|9
O15264|10
O15264|11
O15264|12
O15264|14
O15264|15
O15264|16
O15264|19
Q16539|19
Q16539|21
Q16539|23
Q16539|25
Q16539|27
Q16539|42
Q16539|47
Q16539|48
Q16539|51
Q16539|52
Q16539|53
Q16539|54
Q16539|62
Q16539|63
Q16539|64
Q16539|65
Q16539|58
Q16539|19
Q16539|21
Q16539|23
Q16539|25
Q16539|27
Q16539|42
Q16539|47
Q16539|48
Q16539|51
Q16539|52
Q16539|53
Q16539|54
Q16539|62
Q16539|63
Q16539|64
Q16539|65
Q16539|58
Q16539|19
Q16539|21
Q16539|23
Q16539|25
Q16539|27
Q16539|42
Q16539|47
Q16539|48
Q16539|51
Q16539|52
Q16539|53
Q16539|54
Q16539|62
Q16539|63
Q16539|64
Q16539|65
Q16539|58
Q16539|19
Q16539|21
Q16539|23
Q16539|25
Q16539|27
Q16539|42
Q16539|47
Q16539|48
Q16539|51
Q16539|52
Q16539|53
Q16539|54
Q16539|62
Q16539|63
Q16539|64
Q16539|65
Q16539|58
Q16539|19
Q16539|21
Q16539|23
Q16539|25
Q16539|27
Q16539|42
Q16539|47
Q16539|48
Q16539|51
Q16539|52
Q16539|53
Q16539|54
Q16539|62
Q16539|63
Q16539|64
Q16539|65
Q16539|58
Q8TD08|3
Q8TD08|4
Q8TD08|6
Q8TD08|8
Q8TD08|10
Q8TD08|11
Q8TD08|12
Q8TD08|13
Q8TD08|14
Q8TD08|15
Q8TD08|16
Q8TD08|17
Q8TD08|18
Q8TD08|19
Q8TD08|3
Q8TD08|4
Q8TD08|6
Q8TD08|8
Q8TD08|10
Q8TD08|11
Q8TD08|12
Q8TD08|13
Q8TD08|14
Q8TD08|15
Q8TD08|16
Q8TD08|17
Q8TD08|18
Q8TD08|19
Q8TD08|3
Q8TD08|4
Q8TD08|6
Q8TD08|8
Q8TD08|10
Q8TD08|11
Q8TD08|12
Q8TD08|13
Q8TD08|14
Q8TD08|15
Q8TD08|16
Q8TD08|17
Q8TD08|18
Q8TD08|19
P27361|15
P27361|17
P27361|20
P27361|21
P27361|22
P27361|24
P27361|25
P27361|26
P27361|34
P27361|38
P27361|40
P27361|41
P27361|15
P27361|17
P27361|20
P27361|21
P27361|22
P27361|24
P27361|25
P27361|26
P27361|34
P27361|38
P27361|40
P27361|41
P27361|15
P27361|17
P27361|20
P27361|21
P27361|22
P27361|24
P27361|25
P27361|26
P27361|34
P27361|38
P27361|40
P27361|41
Q13164|10
Q13164|11
Q13164|13
Q13164|16
Q13164|17
Q13164|10
Q13164|11
Q13164|13
Q13164|16
Q13164|17
Q13164|10
Q13164|11
Q13164|13
Q13164|16
Q13164|17
Q13164|10
Q13164|11
Q13164|13
Q13164|16
Q13164|17
P45983|14
P45983|17
P45983|37
P45983|14
P45983|17
P45983|37
P45983|14
P45983|17
P45983|37
P45983|14
P45983|17
P45983|37
P45983|14
P45983|17
P45983|37
P45984|4
P45984|17
P45984|4
P45984|17
P45984|4
P45984|17
P45984|4
P45984|17
P45984|4
P45984|17
Q9UQ07|2
Q9UQ07|2
Q9UQ07|2
Q9UQ07|2
Q9UQ07|2
Q9UQ07|2
Q96SB4|12
Q96SB4|13
Q96SB4|14
Q96SB4|15
Q96SB4|17
Q96SB4|18
Q96SB4|19
Q96SB4|20
Q96SB4|22
Q96SB4|24
Q96SB4|25
Q96SB4|26
Q96SB4|29
Q96SB4|30
Q96SB4|31
Q96SB4|32
Q96SB4|12
Q96SB4|13
Q96SB4|14
Q96SB4|15
Q96SB4|17
Q96SB4|18
Q96SB4|19
Q96SB4|20
Q96SB4|22
Q96SB4|24
Q96SB4|25
Q96SB4|26
Q96SB4|29
Q96SB4|30
Q96SB4|31
Q96SB4|32
Q96SB4|12
Q96SB4|13
Q96SB4|14
Q96SB4|15
Q96SB4|17
Q96SB4|18
Q96SB4|19
Q96SB4|20
Q96SB4|22
Q96SB4|24
Q96SB4|25
Q96SB4|26
Q96SB4|29
Q96SB4|30
Q96SB4|31
Q96SB4|32
P78362|15
P78362|16
P78362|18
P78362|19
P78362|20
P78362|21
P78362|22
P78362|23
P78362|15
P78362|16
P78362|18
P78362|19
P78362|20
P78362|21
P78362|22
P78362|23
Q9UPE1|1
Q9UPE1|1
Q9UPE1|1
Q9UPE1|1
Q96PY6|6
Q96PY6|13
Q96PY6|14
Q96PY6|6
Q96PY6|13
Q96PY6|14
Q96PY6|6
Q96PY6|13
Q96PY6|14
Q96PY6|6
Q96PY6|13
Q96PY6|14
Q96PY6|6
Q96PY6|13
Q96PY6|14
Q96PY6|6
Q96PY6|13
Q96PY6|14
Q8NG66|5
Q8NG66|10
Q8NG66|11
Q8NG66|5
Q8NG66|10
Q8NG66|11
Q8NG66|5
Q8NG66|10
Q8NG66|11
Q8NG66|5
Q8NG66|10
Q8NG66|11
P51955|13
P51955|14
P51955|16
P51955|18
P51955|19
P51955|22
P51955|24
P51955|25
P51955|26
P51955|27
P51955|29
P51955|31
P51955|34
P51955|35
P51955|36
P51955|17
P51955|17
P51955|13
P51955|14
P51955|16
P51955|18
P51955|19
P51955|22
P51955|24
P51955|25
P51955|26
P51955|27
P51955|29
P51955|31
P51955|34
P51955|35
P51955|36
P51955|17
P51955|17
P51955|13
P51955|14
P51955|16
P51955|18
P51955|19
P51955|22
P51955|24
P51955|25
P51955|26
P51955|27
P51955|29
P51955|31
P51955|34
P51955|35
P51955|36
P51955|17
P51955|17
P51955|13
P51955|14
P51955|16
P51955|18
P51955|19
P51955|22
P51955|24
P51955|25
P51955|26
P51955|27
P51955|29
P51955|31
P51955|34
P51955|35
P51955|36
P51955|17
P51955|17
P51956|7
P51956|8
P51956|7
P51956|8
P51957|5
P51957|11
P51957|5
P51957|11
P51957|5
P51957|11
Q9HC98|6
Q9HC98|8
Q9HC98|11
Q9HC98|12
Q9HC98|13
Q9HC98|16
Q9HC98|17
Q9HC98|6
Q9HC98|8
Q9HC98|11
Q9HC98|12
Q9HC98|13
Q9HC98|16
Q9HC98|17
Q9HC98|6
Q9HC98|8
Q9HC98|11
Q9HC98|12
Q9HC98|13
Q9HC98|16
Q9HC98|17
Q9HC98|6
Q9HC98|8
Q9HC98|11
Q9HC98|12
Q9HC98|13
Q9HC98|16
Q9HC98|17
Q8TDX7|10
Q8TDX7|12
Q8TDX7|13
Q8TDX7|10
Q8TDX7|12
Q8TDX7|13
P20594|7
P20594|8
P20594|14
P20594|17
P20594|18
P20594|7
P20594|8
P20594|14
P20594|17
P20594|18
Q02750|14
Q02750|19
Q02750|31
Q02750|14
Q02750|19
Q02750|31
P46734|13
P46734|14
P46734|13
P46734|14
P46734|13
P46734|14
P45985|18
P45985|18
Q13163|10
Q13163|11
Q13163|10
Q13163|11
Q13163|10
Q13163|11
Q13163|10
Q13163|11
P52564|8
P52564|9
P52564|12
P52564|17
P52564|19
P52564|20
P52564|21
P52564|22
P52564|8
P52564|9
P52564|12
P52564|17
P52564|19
P52564|20
P52564|21
P52564|22
O14733|19
O14733|20
O14733|21
O14733|22
O14733|23
O14733|19
O14733|20
O14733|21
O14733|22
O14733|23
O14733|19
O14733|20
O14733|21
O14733|22
O14733|23
O14733|19
O14733|20
O14733|21
O14733|22
O14733|23
Q16584|17
Q16584|18
Q16584|22
Q16584|23
Q16584|17
Q16584|18
Q16584|22
Q16584|23
Q12852|7
Q12852|7
O43283|6
O43283|7
O43283|9
O43283|6
O43283|7
O43283|9
O43283|6
O43283|7
O43283|9
O43283|6
O43283|7
O43283|9
O43283|6
O43283|7
O43283|9
Q6ZN16|7
Q6ZN16|7
Q6ZN16|7
Q9NYL2|15
Q9NYL2|17
Q9NYL2|21
Q9NYL2|24
Q9NYL2|25
Q9NYL2|16
Q9NYL2|20
Q9NYL2|22
Q9NYL2|15
Q9NYL2|17
Q9NYL2|21
Q9NYL2|24
Q9NYL2|25
Q9NYL2|16
Q9NYL2|20
Q9NYL2|22
Q9NYL2|15
Q9NYL2|17
Q9NYL2|21
Q9NYL2|24
Q9NYL2|25
Q9NYL2|16
Q9NYL2|20
Q9NYL2|22
Q5TCX8|17
Q5TCX8|17
Q5TCX8|17
Q99759|14
Q99759|15
Q99759|16
Q99759|18
Q99759|14
Q99759|15
Q99759|16
Q99759|18
Q9Y6R4|8
Q9Y6R4|14
Q9Y6R4|8
Q9Y6R4|14
Q99683|16
Q99683|17
Q99683|18
Q99683|19
Q99683|21
Q99683|24
Q99683|25
Q99683|27
Q99683|29
Q99683|30
Q99683|31
Q99683|36
Q99683|39
Q99683|50
Q99683|52
Q99683|53
Q99683|54
Q99683|56
Q99683|16
Q99683|17
Q99683|18
Q99683|19
Q99683|21
Q99683|24
Q99683|25
Q99683|27
Q99683|29
Q99683|30
Q99683|31
Q99683|36
Q99683|39
Q99683|50
Q99683|52
Q99683|53
Q99683|54
Q99683|56
O95382|12
O95382|14
O95382|12
O95382|14
O95382|12
O95382|14
O43318|15
O43318|18
O43318|23
O43318|25
O43318|31
O43318|32
O43318|40
O43318|51
O43318|52
O43318|15
O43318|18
O43318|23
O43318|25
O43318|31
O43318|32
O43318|40
O43318|51
O43318|52
O43318|15
O43318|18
O43318|23
O43318|25
O43318|31
O43318|32
O43318|40
O43318|51
O43318|52
O43318|15
O43318|18
O43318|23
O43318|25
O43318|31
O43318|32
O43318|40
O43318|51
O43318|52
P41279|8
P41279|9
P41279|11
P41279|14
P41279|16
P41279|17
P41279|18
P41279|8
P41279|9
P41279|11
P41279|14
P41279|16
P41279|17
P41279|18
P80192|9
P80192|11
P80192|9
P80192|11
Q92918|6
Q92918|10
Q92918|11
Q92918|6
Q92918|10
Q92918|11
Q12851|8
Q12851|9
Q12851|10
Q12851|11
Q12851|12
Q12851|13
Q12851|8
Q12851|9
Q12851|10
Q12851|11
Q12851|12
Q12851|13
Q8IVH8|10
Q8IVH8|10
Q8IVH8|10
O95819|25
O95819|26
O95819|25
O95819|26
O95819|25
O95819|26
O95819|25
O95819|26
O95819|25
O95819|26
O95819|25
O95819|26
Q8NEV4|2
Q8NEV4|7
Q8NEV4|2
Q8NEV4|7
Q8WXR4|1
Q8WXR4|1
Q8WXR4|1
Q8WXR4|1
Q8WXR4|1
Q8WXR4|1
Q8WXR4|1
Q7Z2Y5|2
Q7Z2Y5|2
Q7Z2Y5|2
Q13153|21
Q13153|23
Q13153|25
Q13153|26
Q13153|27
Q13153|29
Q13153|30
Q13153|31
Q13153|35
Q13153|36
Q13153|37
Q13153|41
Q13153|42
Q13153|44
Q13153|45
Q13153|47
Q13153|48
Q13153|49
Q13153|50
Q13153|51
Q13153|21
Q13153|23
Q13153|25
Q13153|26
Q13153|27
Q13153|29
Q13153|30
Q13153|31
Q13153|35
Q13153|36
Q13153|37
Q13153|41
Q13153|42
Q13153|44
Q13153|45
Q13153|47
Q13153|48
Q13153|49
Q13153|50
Q13153|51
O75914|14
O75914|14
O75914|14
O75914|14
O96013|22
O96013|23
O96013|25
O96013|26
O96013|29
O96013|30
O96013|31
O96013|33
O96013|22
O96013|23
O96013|25
O96013|26
O96013|29
O96013|30
O96013|31
O96013|33
O96013|22
O96013|23
O96013|25
O96013|26
O96013|29
O96013|30
O96013|31
O96013|33
O96013|22
O96013|23
O96013|25
O96013|26
O96013|29
O96013|30
O96013|31
O96013|33
Q9NQU5|9
Q9NQU5|14
Q9NQU5|9
Q9NQU5|14
Q96KB5|12
Q96KB5|16
Q96KB5|12
Q96KB5|16
Q9H2G2|11
Q9H2G2|11
Q9Y6E0|20
Q9Y6E0|21
Q9Y6E0|24
Q9Y6E0|25
Q9Y6E0|26
Q9Y6E0|28
Q9Y6E0|20
Q9Y6E0|21
Q9Y6E0|24
Q9Y6E0|25
Q9Y6E0|26
Q9Y6E0|28
O00506|5
O00506|5
O00506|5
Q9P289|17
Q9P289|20
Q9P289|25
Q9P289|17
Q9P289|20
Q9P289|25
Q9P289|17
Q9P289|20
Q9P289|25
Q13188|17
Q13188|23
Q13188|25
Q13188|27
Q13188|28
Q13188|29
Q13188|31
Q13188|33
Q13188|34
Q13188|36
Q13188|37
Q13188|38
Q13188|17
Q13188|23
Q13188|25
Q13188|27
Q13188|28
Q13188|29
Q13188|31
Q13188|33
Q13188|34
Q13188|36
Q13188|37
Q13188|38
Q9UEW8|8
Q9UEW8|8
Q13043|14
Q13043|18
Q13043|19
Q13043|20
Q13043|21
Q13043|22
Q13043|23
Q13043|24
Q13043|27
Q13043|28
Q13043|29
Q13043|30
Q13043|33
Q13043|34
Q13043|35
Q13043|40
Q13043|41
Q13043|14
Q13043|18
Q13043|19
Q13043|20
Q13043|21
Q13043|22
Q13043|23
Q13043|24
Q13043|27
Q13043|28
Q13043|29
Q13043|30
Q13043|33
Q13043|34
Q13043|35
Q13043|40
Q13043|41
Q7RTN6|6
Q7RTN6|7
Q7RTN6|11
Q7RTN6|6
Q7RTN6|7
Q7RTN6|11
Q7RTN6|6
Q7RTN6|7
Q7RTN6|11
Q7RTN6|6
Q7RTN6|7
Q7RTN6|11
Q7RTN6|6
Q7RTN6|7
Q7RTN6|11
Q7RTN6|6
Q7RTN6|7
Q7RTN6|11
Q9C0K7|1
Q9C0K7|5
Q9C0K7|1
Q9C0K7|5
Q9C0K7|1
Q9C0K7|5
Q7L7X3|13
Q7L7X3|14
Q7L7X3|15
Q7L7X3|18
Q7L7X3|19
Q7L7X3|13
Q7L7X3|14
Q7L7X3|15
Q7L7X3|18
Q7L7X3|19
Q7L7X3|13
Q7L7X3|14
Q7L7X3|15
Q7L7X3|18
Q7L7X3|19
Q9UL54|11
Q9UL54|12
Q9UL54|13
Q9UL54|14
Q9UL54|15
Q9UL54|16
Q9UL54|17
Q9UL54|18
Q9UL54|11
Q9UL54|12
Q9UL54|13
Q9UL54|14
Q9UL54|15
Q9UL54|16
Q9UL54|17
Q9UL54|18
Q9UL54|11
Q9UL54|12
Q9UL54|13
Q9UL54|14
Q9UL54|15
Q9UL54|16
Q9UL54|17
Q9UL54|18
Q9UL54|11
Q9UL54|12
Q9UL54|13
Q9UL54|14
Q9UL54|15
Q9UL54|16
Q9UL54|17
Q9UL54|18
Q9UKE5|16
Q9UKE5|17
Q9UKE5|20
Q9UKE5|21
Q9UKE5|22
Q9UKE5|23
Q9UKE5|16
Q9UKE5|17
Q9UKE5|20
Q9UKE5|21
Q9UKE5|22
Q9UKE5|23
Q9UKE5|16
Q9UKE5|17
Q9UKE5|20
Q9UKE5|21
Q9UKE5|22
Q9UKE5|23
Q9UKE5|16
Q9UKE5|17
Q9UKE5|20
Q9UKE5|21
Q9UKE5|22
Q9UKE5|23
Q9UKE5|16
Q9UKE5|17
Q9UKE5|20
Q9UKE5|21
Q9UKE5|22
Q9UKE5|23
Q9UKE5|16
Q9UKE5|17
Q9UKE5|20
Q9UKE5|21
Q9UKE5|22
Q9UKE5|23
Q9UKE5|16
Q9UKE5|17
Q9UKE5|20
Q9UKE5|21
Q9UKE5|22
Q9UKE5|23
Q9UKE5|16
Q9UKE5|17
Q9UKE5|20
Q9UKE5|21
Q9UKE5|22
Q9UKE5|23
P36896|10
P36896|11
P36896|15
P36896|16
P36896|18
P36896|20
P36896|21
P36896|10
P36896|11
P36896|15
P36896|16
P36896|18
P36896|20
P36896|21
P36896|10
P36896|11
P36896|15
P36896|16
P36896|18
P36896|20
P36896|21
P36896|10
P36896|11
P36896|15
P36896|16
P36896|18
P36896|20
P36896|21
P36896|10
P36896|11
P36896|15
P36896|16
P36896|18
P36896|20
P36896|21
Q8NER5|7
Q8NER5|9
Q8NER5|7
Q8NER5|9
Q8NER5|7
Q8NER5|9
Q8NER5|7
Q8NER5|9
P27037|4
P27037|8
P27037|4
P27037|8
P10398|15
P10398|15
P10398|15
P10398|15
O00238|3
O00238|3
Q13873|6
Q13873|6
Q13418|21
Q13418|22
Q13418|23
Q13418|21
Q13418|22
Q13418|23
Q13418|21
Q13418|22
Q13418|23
P51617|9
P51617|13
P51617|16
P51617|17
P51617|18
P51617|19
P51617|24
P51617|28
P51617|9
P51617|13
P51617|16
P51617|17
P51617|18
P51617|19
P51617|24
P51617|28
P51617|9
P51617|13
P51617|16
P51617|17
P51617|18
P51617|19
P51617|24
P51617|28
P51617|9
P51617|13
P51617|16
P51617|17
P51617|18
P51617|19
P51617|24
P51617|28
Q9Y616|4
Q9Y616|7
Q9Y616|4
Q9Y616|7
Q9NWZ3|10
Q9NWZ3|12
Q9NWZ3|15
Q9NWZ3|20
Q9NWZ3|22
Q9NWZ3|24
Q9NWZ3|25
Q9NWZ3|27
Q9NWZ3|30
Q9NWZ3|10
Q9NWZ3|12
Q9NWZ3|15
Q9NWZ3|20
Q9NWZ3|22
Q9NWZ3|24
Q9NWZ3|25
Q9NWZ3|27
Q9NWZ3|30
Q8IVT5|9
Q8IVT5|19
Q8IVT5|9
Q8IVT5|19
Q8IVT5|9
Q8IVT5|19
Q8IVT5|9
Q8IVT5|19
Q6VAB6|6
Q6VAB6|7
Q6VAB6|9
Q6VAB6|10
Q6VAB6|6
Q6VAB6|7
Q6VAB6|9
Q6VAB6|10
P53667|12
P53667|17
P53667|18
P53667|20
P53667|21
P53667|25
P53667|27
P53667|28
P53667|11
P53667|12
P53667|17
P53667|18
P53667|20
P53667|21
P53667|25
P53667|27
P53667|28
P53667|11
P53667|12
P53667|17
P53667|18
P53667|20
P53667|21
P53667|25
P53667|27
P53667|28
P53667|11
P53667|12
P53667|17
P53667|18
P53667|20
P53667|21
P53667|25
P53667|27
P53667|28
P53667|11
P53671|11
P53671|12
P53671|15
P53671|16
P53671|11
P53671|12
P53671|15
P53671|16
P53671|11
P53671|12
P53671|15
P53671|16
P04049|15
P04049|17
P04049|24
P04049|25
P04049|26
P04049|31
P04049|32
P04049|51
P04049|15
P04049|17
P04049|24
P04049|25
P04049|26
P04049|31
P04049|32
P04049|51
Q13546|14
Q13546|24
Q13546|34
Q13546|39
Q13546|40
Q13546|49
Q13546|52
Q13546|60
Q13546|61
Q13546|14
Q13546|24
Q13546|34
Q13546|39
Q13546|40
Q13546|49
Q13546|52
Q13546|60
Q13546|61
O43353|15
O43353|17
O43353|19
O43353|23
O43353|24
O43353|28
O43353|15
O43353|17
O43353|19
O43353|23
O43353|24
O43353|28
Q9Y572|10
Q9Y572|11
Q9Y572|12
Q9Y572|15
Q9Y572|16
Q9Y572|17
Q9Y572|18
Q9Y572|10
Q9Y572|11
Q9Y572|12
Q9Y572|15
Q9Y572|16
Q9Y572|17
Q9Y572|18
Q9Y572|10
Q9Y572|11
Q9Y572|12
Q9Y572|15
Q9Y572|16
Q9Y572|17
Q9Y572|18
P57078|4
P57078|7
P57078|4
P57078|7
P36897|24
P36897|26
P36897|32
P36897|41
P36897|42
P36897|43
P36897|46
P36897|24
P36897|26
P36897|32
P36897|41
P36897|42
P36897|43
P36897|46
P36897|24
P36897|26
P36897|32
P36897|41
P36897|42
P36897|43
P36897|46
P37173|41
P37173|41
Q59H18|9
Q59H18|9
Q59H18|9
Q59H18|9
Q6ZMQ8|7
Q6ZMQ8|7
Q6ZMQ8|7
P00519|26
P00519|34
P00519|36
P00519|37
P00519|40
P00519|42
P00519|43
P00519|45
P00519|46
P00519|48
P00519|49
P00519|52
P00519|54
P00519|55
P00519|58
P00519|60
P00519|62
P00519|64
P00519|66
P00519|67
P00519|71
P00519|73
P00519|74
P00519|75
P00519|26
P00519|34
P00519|36
P00519|37
P00519|40
P00519|42
P00519|43
P00519|45
P00519|46
P00519|48
P00519|49
P00519|52
P00519|54
P00519|55
P00519|58
P00519|60
P00519|62
P00519|64
P00519|66
P00519|67
P00519|71
P00519|73
P00519|74
P00519|75
P42684|26
P42684|27
P42684|28
P42684|29
P42684|32
P42684|26
P42684|27
P42684|28
P42684|29
P42684|32
P42684|26
P42684|27
P42684|28
P42684|29
P42684|32
P42684|26
P42684|27
P42684|28
P42684|29
P42684|32
P42684|26
P42684|27
P42684|28
P42684|29
P42684|32
P42684|26
P42684|27
P42684|28
P42684|29
P42684|32
P42684|26
P42684|27
P42684|28
P42684|29
P42684|32
P42684|26
P42684|27
P42684|28
P42684|29
P42684|32
P42684|26
P42684|27
P42684|28
P42684|29
P42684|32
P30530|11
P30530|12
P30530|13
P30530|15
P30530|16
P30530|17
P30530|20
P30530|24
P30530|21
P30530|26
P30530|27
P30530|29
P30530|28
P30530|11
P30530|12
P30530|13
P30530|15
P30530|16
P30530|17
P30530|20
P30530|24
P30530|21
P30530|26
P30530|27
P30530|29
P30530|28
Q06187|31
Q06187|35
Q06187|36
Q06187|38
Q06187|40
Q06187|67
Q06187|31
Q06187|35
Q06187|36
Q06187|38
Q06187|40
Q06187|67
P07333|17
P07333|18
P07333|19
P07333|21
P07333|22
P07333|23
P07333|26
P07333|27
P07333|28
P07333|29
P07333|32
P07333|33
P07333|34
P07333|38
P07333|17
P07333|18
P07333|19
P07333|21
P07333|22
P07333|23
P07333|26
P07333|27
P07333|28
P07333|29
P07333|32
P07333|33
P07333|34
P07333|38
Q08345|8
Q08345|13
Q08345|14
Q08345|15
Q08345|18
Q08345|19
Q08345|20
Q08345|21
Q08345|22
Q08345|32
Q08345|8
Q08345|13
Q08345|14
Q08345|15
Q08345|18
Q08345|19
Q08345|20
Q08345|21
Q08345|22
Q08345|32
Q08345|8
Q08345|13
Q08345|14
Q08345|15
Q08345|18
Q08345|19
Q08345|20
Q08345|21
Q08345|22
Q08345|32
Q08345|8
Q08345|13
Q08345|14
Q08345|15
Q08345|18
Q08345|19
Q08345|20
Q08345|21
Q08345|22
Q08345|32
Q08345|8
Q08345|13
Q08345|14
Q08345|15
Q08345|18
Q08345|19
Q08345|20
Q08345|21
Q08345|22
Q08345|32
P00533|68
P00533|76
P00533|77
P00533|78
P00533|79
P00533|80
P00533|81
P00533|82
P00533|84
P00533|88
P00533|89
P00533|90
P00533|100
P00533|111
P00533|118
P00533|119
P00533|132
P00533|133
P00533|138
P00533|139
P00533|142
P00533|121
P00533|68
P00533|76
P00533|77
P00533|78
P00533|79
P00533|80
P00533|81
P00533|82
P00533|84
P00533|88
P00533|89
P00533|90
P00533|100
P00533|111
P00533|118
P00533|119
P00533|132
P00533|133
P00533|138
P00533|139
P00533|142
P00533|121
P00533|68
P00533|76
P00533|77
P00533|78
P00533|79
P00533|80
P00533|81
P00533|82
P00533|84
P00533|88
P00533|89
P00533|90
P00533|100
P00533|111
P00533|118
P00533|119
P00533|132
P00533|133
P00533|138
P00533|139
P00533|142
P00533|121
P00533|68
P00533|76
P00533|77
P00533|78
P00533|79
P00533|80
P00533|81
P00533|82
P00533|84
P00533|88
P00533|89
P00533|90
P00533|100
P00533|111
P00533|118
P00533|119
P00533|132
P00533|133
P00533|138
P00533|139
P00533|142
P00533|121
P21709|15
P21709|16
P21709|17
P21709|15
P21709|16
P21709|17
P21709|15
P21709|16
P21709|17
Q5JZY3|6
Q5JZY3|6
Q5JZY3|6
P29317|25
P29317|27
P29317|31
P29317|37
P29317|41
P29317|42
P29317|48
P29317|50
P29317|51
P29317|43
P29317|25
P29317|27
P29317|31
P29317|37
P29317|41
P29317|42
P29317|48
P29317|50
P29317|51
P29317|43
P29320|16
P29320|16
P54764|7
P54764|14
P54764|7
P54764|14
P54756|3
P54756|3
P54756|3
Q9UF33|1
Q9UF33|1
Q9UF33|1
Q15375|15
Q15375|15
Q15375|15
Q15375|15
Q15375|15
P29322|4
P29322|4
P54762|8
P54762|16
P54762|17
P54762|20
P54762|22
P54762|23
P54762|8
P54762|16
P54762|17
P54762|20
P54762|22
P54762|23
P54762|8
P54762|16
P54762|17
P54762|20
P54762|22
P54762|23
P29323|13
P29323|18
P29323|13
P29323|18
P29323|13
P29323|18
P54760|21
P54760|23
P54760|26
P54760|30
P54760|21
P54760|23
P54760|26
P54760|30
P54760|21
P54760|23
P54760|26
P54760|30
P54760|21
P54760|23
P54760|26
P54760|30
O15197|7
O15197|9
O15197|7
O15197|9
O15197|7
O15197|9
P04626|62
P04626|31
P04626|38
P04626|52
P04626|62
P04626|31
P04626|38
P04626|52
P04626|62
P04626|31
P04626|38
P04626|52
P04626|62
P04626|31
P04626|38
P04626|52
P04626|62
P04626|31
P04626|38
P04626|52
P04626|62
P04626|31
P04626|38
P04626|52
P21860|18
P21860|23
P21860|24
P21860|18
P21860|23
P21860|24
P21860|18
P21860|23
P21860|24
P21860|18
P21860|23
P21860|24
P21860|18
P21860|23
P21860|24
Q15303|11
Q15303|12
Q15303|13
Q15303|14
Q15303|17
Q15303|18
Q15303|19
Q15303|20
Q15303|22
Q15303|23
Q15303|26
Q15303|27
Q15303|29
Q15303|33
Q15303|34
Q15303|38
Q15303|41
Q15303|46
Q15303|48
Q15303|49
Q15303|50
Q15303|52
Q15303|11
Q15303|12
Q15303|13
Q15303|14
Q15303|17
Q15303|18
Q15303|19
Q15303|20
Q15303|22
Q15303|23
Q15303|26
Q15303|27
Q15303|29
Q15303|33
Q15303|34
Q15303|38
Q15303|41
Q15303|46
Q15303|48
Q15303|49
Q15303|50
Q15303|52
Q15303|11
Q15303|12
Q15303|13
Q15303|14
Q15303|17
Q15303|18
Q15303|19
Q15303|20
Q15303|22
Q15303|23
Q15303|26
Q15303|27
Q15303|29
Q15303|33
Q15303|34
Q15303|38
Q15303|41
Q15303|46
Q15303|48
Q15303|49
Q15303|50
Q15303|52
Q15303|11
Q15303|12
Q15303|13
Q15303|14
Q15303|17
Q15303|18
Q15303|19
Q15303|20
Q15303|22
Q15303|23
Q15303|26
Q15303|27
Q15303|29
Q15303|33
Q15303|34
Q15303|38
Q15303|41
Q15303|46
Q15303|48
Q15303|49
Q15303|50
Q15303|52
P16591|13
P16591|14
P16591|18
P16591|20
P16591|21
P16591|22
P16591|23
P16591|25
P16591|27
P16591|28
P16591|13
P16591|14
P16591|18
P16591|20
P16591|21
P16591|22
P16591|23
P16591|25
P16591|27
P16591|28
P16591|13
P16591|14
P16591|18
P16591|20
P16591|21
P16591|22
P16591|23
P16591|25
P16591|27
P16591|28
P07332|13
P07332|14
P07332|15
P07332|17
P07332|20
P07332|21
P07332|23
P07332|24
P07332|27
P07332|28
P07332|31
P07332|13
P07332|14
P07332|15
P07332|17
P07332|20
P07332|21
P07332|23
P07332|24
P07332|27
P07332|28
P07332|31
P07332|13
P07332|14
P07332|15
P07332|17
P07332|20
P07332|21
P07332|23
P07332|24
P07332|27
P07332|28
P07332|31
P07332|13
P07332|14
P07332|15
P07332|17
P07332|20
P07332|21
P07332|23
P07332|24
P07332|27
P07332|28
P07332|31
P11362|14
P11362|21
P11362|24
P11362|25
P11362|27
P11362|28
P11362|31
P11362|42
P11362|51
P11362|54
P11362|56
P11362|57
P11362|58
P11362|59
P11362|63
P11362|64
P11362|68
P11362|78
P11362|79
P11362|14
P11362|21
P11362|24
P11362|25
P11362|27
P11362|28
P11362|31
P11362|42
P11362|51
P11362|54
P11362|56
P11362|57
P11362|58
P11362|59
P11362|63
P11362|64
P11362|68
P11362|78
P11362|79
P11362|14
P11362|21
P11362|24
P11362|25
P11362|27
P11362|28
P11362|31
P11362|42
P11362|51
P11362|54
P11362|56
P11362|57
P11362|58
P11362|59
P11362|63
P11362|64
P11362|68
P11362|78
P11362|79
P11362|14
P11362|21
P11362|24
P11362|25
P11362|27
P11362|28
P11362|31
P11362|42
P11362|51
P11362|54
P11362|56
P11362|57
P11362|58
P11362|59
P11362|63
P11362|64
P11362|68
P11362|78
P11362|79
P11362|14
P11362|21
P11362|24
P11362|25
P11362|27
P11362|28
P11362|31
P11362|42
P11362|51
P11362|54
P11362|56
P11362|57
P11362|58
P11362|59
P11362|63
P11362|64
P11362|68
P11362|78
P11362|79
P11362|14
P11362|21
P11362|24
P11362|25
P11362|27
P11362|28
P11362|31
P11362|42
P11362|51
P11362|54
P11362|56
P11362|57
P11362|58
P11362|59
P11362|63
P11362|64
P11362|68
P11362|78
P11362|79
P11362|14
P11362|21
P11362|24
P11362|25
P11362|27
P11362|28
P11362|31
P11362|42
P11362|51
P11362|54
P11362|56
P11362|57
P11362|58
P11362|59
P11362|63
P11362|64
P11362|68
P11362|78
P11362|79
P11362|14
P11362|21
P11362|24
P11362|25
P11362|27
P11362|28
P11362|31
P11362|42
P11362|51
P11362|54
P11362|56
P11362|57
P11362|58
P11362|59
P11362|63
P11362|64
P11362|68
P11362|78
P11362|79
P11362|14
P11362|21
P11362|24
P11362|25
P11362|27
P11362|28
P11362|31
P11362|42
P11362|51
P11362|54
P11362|56
P11362|57
P11362|58
P11362|59
P11362|63
P11362|64
P11362|68
P11362|78
P11362|79
P11362|14
P11362|21
P11362|24
P11362|25
P11362|27
P11362|28
P11362|31
P11362|42
P11362|51
P11362|54
P11362|56
P11362|57
P11362|58
P11362|59
P11362|63
P11362|64
P11362|68
P11362|78
P11362|79
P11362|14
P11362|21
P11362|24
P11362|25
P11362|27
P11362|28
P11362|31
P11362|42
P11362|51
P11362|54
P11362|56
P11362|57
P11362|58
P11362|59
P11362|63
P11362|64
P11362|68
P11362|78
P11362|79
P11362|14
P11362|21
P11362|24
P11362|25
P11362|27
P11362|28
P11362|31
P11362|42
P11362|51
P11362|54
P11362|56
P11362|57
P11362|58
P11362|59
P11362|63
P11362|64
P11362|68
P11362|78
P11362|79
P11362|14
P11362|21
P11362|24
P11362|25
P11362|27
P11362|28
P11362|31
P11362|42
P11362|51
P11362|54
P11362|56
P11362|57
P11362|58
P11362|59
P11362|63
P11362|64
P11362|68
P11362|78
P11362|79
P11362|14
P11362|21
P11362|24
P11362|25
P11362|27
P11362|28
P11362|31
P11362|42
P11362|51
P11362|54
P11362|56
P11362|57
P11362|58
P11362|59
P11362|63
P11362|64
P11362|68
P11362|78
P11362|79
P11362|14
P11362|21
P11362|24
P11362|25
P11362|27
P11362|28
P11362|31
P11362|42
P11362|51
P11362|54
P11362|56
P11362|57
P11362|58
P11362|59
P11362|63
P11362|64
P11362|68
P11362|78
P11362|79
P11362|14
P11362|21
P11362|24
P11362|25
P11362|27
P11362|28
P11362|31
P11362|42
P11362|51
P11362|54
P11362|56
P11362|57
P11362|58
P11362|59
P11362|63
P11362|64
P11362|68
P11362|78
P11362|79
P11362|14
P11362|21
P11362|24
P11362|25
P11362|27
P11362|28
P11362|31
P11362|42
P11362|51
P11362|54
P11362|56
P11362|57
P11362|58
P11362|59
P11362|63
P11362|64
P11362|68
P11362|78
P11362|79
P11362|14
P11362|21
P11362|24
P11362|25
P11362|27
P11362|28
P11362|31
P11362|42
P11362|51
P11362|54
P11362|56
P11362|57
P11362|58
P11362|59
P11362|63
P11362|64
P11362|68
P11362|78
P11362|79
P11362|14
P11362|21
P11362|24
P11362|25
P11362|27
P11362|28
P11362|31
P11362|42
P11362|51
P11362|54
P11362|56
P11362|57
P11362|58
P11362|59
P11362|63
P11362|64
P11362|68
P11362|78
P11362|79
P11362|14
P11362|21
P11362|24
P11362|25
P11362|27
P11362|28
P11362|31
P11362|42
P11362|51
P11362|54
P11362|56
P11362|57
P11362|58
P11362|59
P11362|63
P11362|64
P11362|68
P11362|78
P11362|79
P11362|14
P11362|21
P11362|24
P11362|25
P11362|27
P11362|28
P11362|31
P11362|42
P11362|51
P11362|54
P11362|56
P11362|57
P11362|58
P11362|59
P11362|63
P11362|64
P11362|68
P11362|78
P11362|79
P21802|36
P21802|40
P21802|41
P21802|43
P21802|45
P21802|48
P21802|50
P21802|53
P21802|55
P21802|56
P21802|57
P21802|59
P21802|72
P21802|36
P21802|40
P21802|41
P21802|43
P21802|45
P21802|48
P21802|50
P21802|53
P21802|55
P21802|56
P21802|57
P21802|59
P21802|72
P21802|36
P21802|40
P21802|41
P21802|43
P21802|45
P21802|48
P21802|50
P21802|53
P21802|55
P21802|56
P21802|57
P21802|59
P21802|72
P21802|36
P21802|40
P21802|41
P21802|43
P21802|45
P21802|48
P21802|50
P21802|53
P21802|55
P21802|56
P21802|57
P21802|59
P21802|72
P21802|36
P21802|40
P21802|41
P21802|43
P21802|45
P21802|48
P21802|50
P21802|53
P21802|55
P21802|56
P21802|57
P21802|59
P21802|72
P21802|36
P21802|40
P21802|41
P21802|43
P21802|45
P21802|48
P21802|50
P21802|53
P21802|55
P21802|56
P21802|57
P21802|59
P21802|72
P21802|36
P21802|40
P21802|41
P21802|43
P21802|45
P21802|48
P21802|50
P21802|53
P21802|55
P21802|56
P21802|57
P21802|59
P21802|72
P21802|36
P21802|40
P21802|41
P21802|43
P21802|45
P21802|48
P21802|50
P21802|53
P21802|55
P21802|56
P21802|57
P21802|59
P21802|72
P21802|36
P21802|40
P21802|41
P21802|43
P21802|45
P21802|48
P21802|50
P21802|53
P21802|55
P21802|56
P21802|57
P21802|59
P21802|72
P21802|36
P21802|40
P21802|41
P21802|43
P21802|45
P21802|48
P21802|50
P21802|53
P21802|55
P21802|56
P21802|57
P21802|59
P21802|72
P21802|36
P21802|40
P21802|41
P21802|43
P21802|45
P21802|48
P21802|50
P21802|53
P21802|55
P21802|56
P21802|57
P21802|59
P21802|72
P21802|36
P21802|40
P21802|41
P21802|43
P21802|45
P21802|48
P21802|50
P21802|53
P21802|55
P21802|56
P21802|57
P21802|59
P21802|72
P21802|36
P21802|40
P21802|41
P21802|43
P21802|45
P21802|48
P21802|50
P21802|53
P21802|55
P21802|56
P21802|57
P21802|59
P21802|72
P21802|36
P21802|40
P21802|41
P21802|43
P21802|45
P21802|48
P21802|50
P21802|53
P21802|55
P21802|56
P21802|57
P21802|59
P21802|72
P21802|36
P21802|40
P21802|41
P21802|43
P21802|45
P21802|48
P21802|50
P21802|53
P21802|55
P21802|56
P21802|57
P21802|59
P21802|72
P21802|36
P21802|40
P21802|41
P21802|43
P21802|45
P21802|48
P21802|50
P21802|53
P21802|55
P21802|56
P21802|57
P21802|59
P21802|72
P21802|36
P21802|40
P21802|41
P21802|43
P21802|45
P21802|48
P21802|50
P21802|53
P21802|55
P21802|56
P21802|57
P21802|59
P21802|72
P21802|36
P21802|40
P21802|41
P21802|43
P21802|45
P21802|48
P21802|50
P21802|53
P21802|55
P21802|56
P21802|57
P21802|59
P21802|72
P21802|36
P21802|40
P21802|41
P21802|43
P21802|45
P21802|48
P21802|50
P21802|53
P21802|55
P21802|56
P21802|57
P21802|59
P21802|72
P21802|36
P21802|40
P21802|41
P21802|43
P21802|45
P21802|48
P21802|50
P21802|53
P21802|55
P21802|56
P21802|57
P21802|59
P21802|72
P21802|36
P21802|40
P21802|41
P21802|43
P21802|45
P21802|48
P21802|50
P21802|53
P21802|55
P21802|56
P21802|57
P21802|59
P21802|72
P21802|36
P21802|40
P21802|41
P21802|43
P21802|45
P21802|48
P21802|50
P21802|53
P21802|55
P21802|56
P21802|57
P21802|59
P21802|72
P21802|36
P21802|40
P21802|41
P21802|43
P21802|45
P21802|48
P21802|50
P21802|53
P21802|55
P21802|56
P21802|57
P21802|59
P21802|72
P22607|14
P22607|18
P22607|22
P22607|26
P22607|29
P22607|31
P22607|35
P22607|36
P22607|38
P22607|39
P22607|42
P22607|43
P22607|53
P22607|14
P22607|18
P22607|22
P22607|26
P22607|29
P22607|31
P22607|35
P22607|36
P22607|38
P22607|39
P22607|42
P22607|43
P22607|53
P22607|14
P22607|18
P22607|22
P22607|26
P22607|29
P22607|31
P22607|35
P22607|36
P22607|38
P22607|39
P22607|42
P22607|43
P22607|53
P22607|14
P22607|18
P22607|22
P22607|26
P22607|29
P22607|31
P22607|35
P22607|36
P22607|38
P22607|39
P22607|42
P22607|43
P22607|53
P22455|17
P22455|21
P22455|22
P22455|24
P22455|25
P22455|26
P22455|28
P22455|30
P22455|31
P22455|32
P22455|35
P22455|38
P22455|39
P22455|40
P22455|17
P22455|21
P22455|22
P22455|24
P22455|25
P22455|26
P22455|28
P22455|30
P22455|31
P22455|32
P22455|35
P22455|38
P22455|39
P22455|40
P22455|17
P22455|21
P22455|22
P22455|24
P22455|25
P22455|26
P22455|28
P22455|30
P22455|31
P22455|32
P22455|35
P22455|38
P22455|39
P22455|40
P17948|14
P17948|15
P17948|17
P17948|18
P17948|19
P17948|22
P17948|24
P17948|26
P17948|27
P17948|28
P17948|29
P17948|31
P17948|32
P17948|34
P17948|36
P17948|37
P17948|38
P17948|39
P17948|14
P17948|15
P17948|17
P17948|18
P17948|19
P17948|22
P17948|24
P17948|26
P17948|27
P17948|28
P17948|29
P17948|31
P17948|32
P17948|34
P17948|36
P17948|37
P17948|38
P17948|39
P17948|14
P17948|15
P17948|17
P17948|18
P17948|19
P17948|22
P17948|24
P17948|26
P17948|27
P17948|28
P17948|29
P17948|31
P17948|32
P17948|34
P17948|36
P17948|37
P17948|38
P17948|39
P17948|14
P17948|15
P17948|17
P17948|18
P17948|19
P17948|22
P17948|24
P17948|26
P17948|27
P17948|28
P17948|29
P17948|31
P17948|32
P17948|34
P17948|36
P17948|37
P17948|38
P17948|39
P17948|14
P17948|15
P17948|17
P17948|18
P17948|19
P17948|22
P17948|24
P17948|26
P17948|27
P17948|28
P17948|29
P17948|31
P17948|32
P17948|34
P17948|36
P17948|37
P17948|38
P17948|39
P17948|14
P17948|15
P17948|17
P17948|18
P17948|19
P17948|22
P17948|24
P17948|26
P17948|27
P17948|28
P17948|29
P17948|31
P17948|32
P17948|34
P17948|36
P17948|37
P17948|38
P17948|39
P17948|14
P17948|15
P17948|17
P17948|18
P17948|19
P17948|22
P17948|24
P17948|26
P17948|27
P17948|28
P17948|29
P17948|31
P17948|32
P17948|34
P17948|36
P17948|37
P17948|38
P17948|39
P17948|14
P17948|15
P17948|17
P17948|18
P17948|19
P17948|22
P17948|24
P17948|26
P17948|27
P17948|28
P17948|29
P17948|31
P17948|32
P17948|34
P17948|36
P17948|37
P17948|38
P17948|39
P36888|8
P36888|9
P36888|12
P36888|16
P36888|17
P36888|21
P36888|24
P36888|26
P36888|27
P36888|29
P36888|31
P36888|8
P36888|9
P36888|12
P36888|16
P36888|17
P36888|21
P36888|24
P36888|26
P36888|27
P36888|29
P36888|31
P35916|9
P35916|14
P35916|16
P35916|17
P35916|19
P35916|22
P35916|27
P35916|28
P35916|29
P35916|30
P35916|31
P35916|33
P35916|36
P35916|39
P35916|40
P35916|9
P35916|14
P35916|16
P35916|17
P35916|19
P35916|22
P35916|27
P35916|28
P35916|29
P35916|30
P35916|31
P35916|33
P35916|36
P35916|39
P35916|40
P35916|9
P35916|14
P35916|16
P35916|17
P35916|19
P35916|22
P35916|27
P35916|28
P35916|29
P35916|30
P35916|31
P35916|33
P35916|36
P35916|39
P35916|40
P42685|9
P42685|9
P06241|14
P06241|23
P06241|24
P06241|26
P06241|28
P06241|29
P06241|31
P06241|33
P06241|35
P06241|36
P06241|37
P06241|39
P06241|42
P06241|43
P06241|44
P06241|45
P06241|47
P06241|48
P06241|49
P06241|51
P06241|52
P06241|14
P06241|23
P06241|24
P06241|26
P06241|28
P06241|29
P06241|31
P06241|33
P06241|35
P06241|36
P06241|37
P06241|39
P06241|42
P06241|43
P06241|44
P06241|45
P06241|47
P06241|48
P06241|49
P06241|51
P06241|52
P06241|14
P06241|23
P06241|24
P06241|26
P06241|28
P06241|29
P06241|31
P06241|33
P06241|35
P06241|36
P06241|37
P06241|39
P06241|42
P06241|43
P06241|44
P06241|45
P06241|47
P06241|48
P06241|49
P06241|51
P06241|52
P08631|20
P08631|23
P08631|24
P08631|27
P08631|28
P08631|30
P08631|32
P08631|33
P08631|34
P08631|39
P08631|41
P08631|42
P08631|45
P08631|46
P08631|48
P08631|53
P08631|56
P08631|60
P08631|61
P08631|20
P08631|23
P08631|24
P08631|27
P08631|28
P08631|30
P08631|32
P08631|33
P08631|34
P08631|39
P08631|41
P08631|42
P08631|45
P08631|46
P08631|48
P08631|53
P08631|56
P08631|60
P08631|61
P08631|20
P08631|23
P08631|24
P08631|27
P08631|28
P08631|30
P08631|32
P08631|33
P08631|34
P08631|39
P08631|41
P08631|42
P08631|45
P08631|46
P08631|48
P08631|53
P08631|56
P08631|60
P08631|61
P08631|20
P08631|23
P08631|24
P08631|27
P08631|28
P08631|30
P08631|32
P08631|33
P08631|34
P08631|39
P08631|41
P08631|42
P08631|45
P08631|46
P08631|48
P08631|53
P08631|56
P08631|60
P08631|61
P06213|20
P06213|38
P06213|55
P06213|56
P06213|110
P06213|111
P06213|119
P06213|132
P06213|20
P06213|38
P06213|55
P06213|56
P06213|110
P06213|111
P06213|119
P06213|132
P52333|11
P52333|19
P52333|22
P52333|23
P52333|11
P52333|19
P52333|22
P52333|23
P52333|11
P52333|19
P52333|22
P52333|23
P35968|21
P35968|22
P35968|24
P35968|25
P35968|27
P35968|29
P35968|30
P35968|31
P35968|34
P35968|37
P35968|40
P35968|42
P35968|48
P35968|49
P35968|50
P35968|52
P35968|53
P35968|55
P35968|60
P35968|61
P35968|62
P35968|63
P35968|21
P35968|22
P35968|24
P35968|25
P35968|27
P35968|29
P35968|30
P35968|31
P35968|34
P35968|37
P35968|40
P35968|42
P35968|48
P35968|49
P35968|50
P35968|52
P35968|53
P35968|55
P35968|60
P35968|61
P35968|62
P35968|63
P35968|21
P35968|22
P35968|24
P35968|25
P35968|27
P35968|29
P35968|30
P35968|31
P35968|34
P35968|37
P35968|40
P35968|42
P35968|48
P35968|49
P35968|50
P35968|52
P35968|53
P35968|55
P35968|60
P35968|61
P35968|62
P35968|63
P10721|20
P10721|25
P10721|26
P10721|28
P10721|40
P10721|42
P10721|48
P10721|49
P10721|53
P10721|63
P10721|20
P10721|25
P10721|26
P10721|28
P10721|40
P10721|42
P10721|48
P10721|49
P10721|53
P10721|63
P10721|20
P10721|25
P10721|26
P10721|28
P10721|40
P10721|42
P10721|48
P10721|49
P10721|53
P10721|63
P06239|31
P06239|33
P06239|36
P06239|37
P06239|38
P06239|39
P06239|41
P06239|44
P06239|31
P06239|33
P06239|36
P06239|37
P06239|38
P06239|39
P06239|41
P06239|44
P06239|31
P06239|33
P06239|36
P06239|37
P06239|38
P06239|39
P06239|41
P06239|44
P29376|8
P29376|8
P29376|8
P29376|8
P29376|8
P07948|11
P07948|17
P07948|18
P07948|19
P07948|21
P07948|22
P07948|23
P07948|27
P07948|29
P07948|31
P07948|36
P07948|37
P07948|38
P07948|39
P07948|40
P07948|41
P07948|42
P07948|44
P07948|48
P07948|54
P07948|11
P07948|17
P07948|18
P07948|19
P07948|21
P07948|22
P07948|23
P07948|27
P07948|29
P07948|31
P07948|36
P07948|37
P07948|38
P07948|39
P07948|40
P07948|41
P07948|42
P07948|44
P07948|48
P07948|54
P42679|12
P42679|12
P42679|12
P08581|19
P08581|30
P08581|66
P08581|67
P08581|19
P08581|30
P08581|66
P08581|67
P08581|19
P08581|30
P08581|66
P08581|67
Q04912|15
Q04912|21
Q04912|24
Q04912|15
Q04912|21
Q04912|24
Q04912|15
Q04912|21
Q04912|24
Q04912|15
Q04912|21
Q04912|24
Q04912|15
Q04912|21
Q04912|24
Q04912|15
Q04912|21
Q04912|24
Q04912|15
Q04912|21
Q04912|24
O15146|1
O15146|16
O15146|1
O15146|16
O15146|1
O15146|16
P04629|16
P04629|17
P04629|32
P04629|34
P04629|36
P04629|37
P04629|40
P04629|41
P04629|44
P04629|46
P04629|47
P04629|54
P04629|55
P04629|36
P04629|16
P04629|17
P04629|32
P04629|34
P04629|36
P04629|37
P04629|40
P04629|41
P04629|44
P04629|46
P04629|47
P04629|54
P04629|55
P04629|36
P04629|16
P04629|17
P04629|32
P04629|34
P04629|36
P04629|37
P04629|40
P04629|41
P04629|44
P04629|46
P04629|47
P04629|54
P04629|55
P04629|36
P04629|16
P04629|17
P04629|32
P04629|34
P04629|36
P04629|37
P04629|40
P04629|41
P04629|44
P04629|46
P04629|47
P04629|54
P04629|55
P04629|36
Q16620|9
Q16620|19
Q16620|25
Q16620|9
Q16620|19
Q16620|25
Q16620|9
Q16620|19
Q16620|25
Q16620|9
Q16620|19
Q16620|25
Q16620|9
Q16620|19
Q16620|25
Q16620|9
Q16620|19
Q16620|25
Q16620|9
Q16620|19
Q16620|25
Q16288|15
Q16288|15
Q16288|15
Q16288|15
Q16288|15
P16234|11
P16234|12
P16234|14
P16234|16
P16234|22
P16234|23
P16234|24
P16234|28
P16234|29
P16234|30
P16234|34
P16234|39
P16234|41
P16234|43
P16234|11
P16234|12
P16234|14
P16234|16
P16234|22
P16234|23
P16234|24
P16234|28
P16234|29
P16234|30
P16234|34
P16234|39
P16234|41
P16234|43
P16234|11
P16234|12
P16234|14
P16234|16
P16234|22
P16234|23
P16234|24
P16234|28
P16234|29
P16234|30
P16234|34
P16234|39
P16234|41
P16234|43
P09619|11
P09619|12
P09619|18
P09619|20
P09619|27
P09619|28
P09619|31
P09619|32
P09619|33
P09619|35
P09619|36
P09619|37
P09619|45
P09619|47
P09619|48
P09619|49
P09619|51
P09619|52
P09619|53
P09619|54
P09619|11
P09619|12
P09619|18
P09619|20
P09619|27
P09619|28
P09619|31
P09619|32
P09619|33
P09619|35
P09619|36
P09619|37
P09619|45
P09619|47
P09619|48
P09619|49
P09619|51
P09619|52
P09619|53
P09619|54
Q05397|19
Q05397|20
Q05397|21
Q05397|26
Q05397|27
Q05397|29
Q05397|31
Q05397|32
Q05397|34
Q05397|35
Q05397|36
Q05397|37
Q05397|39
Q05397|40
Q05397|41
Q05397|43
Q05397|45
Q05397|47
Q05397|48
Q05397|49
Q05397|56
Q05397|58
Q05397|59
Q05397|19
Q05397|20
Q05397|21
Q05397|26
Q05397|27
Q05397|29
Q05397|31
Q05397|32
Q05397|34
Q05397|35
Q05397|36
Q05397|37
Q05397|39
Q05397|40
Q05397|41
Q05397|43
Q05397|45
Q05397|47
Q05397|48
Q05397|49
Q05397|56
Q05397|58
Q05397|59
Q05397|19
Q05397|20
Q05397|21
Q05397|26
Q05397|27
Q05397|29
Q05397|31
Q05397|32
Q05397|34
Q05397|35
Q05397|36
Q05397|37
Q05397|39
Q05397|40
Q05397|41
Q05397|43
Q05397|45
Q05397|47
Q05397|48
Q05397|49
Q05397|56
Q05397|58
Q05397|59
Q05397|19
Q05397|20
Q05397|21
Q05397|26
Q05397|27
Q05397|29
Q05397|31
Q05397|32
Q05397|34
Q05397|35
Q05397|36
Q05397|37
Q05397|39
Q05397|40
Q05397|41
Q05397|43
Q05397|45
Q05397|47
Q05397|48
Q05397|49
Q05397|56
Q05397|58
Q05397|59
Q05397|19
Q05397|20
Q05397|21
Q05397|26
Q05397|27
Q05397|29
Q05397|31
Q05397|32
Q05397|34
Q05397|35
Q05397|36
Q05397|37
Q05397|39
Q05397|40
Q05397|41
Q05397|43
Q05397|45
Q05397|47
Q05397|48
Q05397|49
Q05397|56
Q05397|58
Q05397|59
Q05397|19
Q05397|20
Q05397|21
Q05397|26
Q05397|27
Q05397|29
Q05397|31
Q05397|32
Q05397|34
Q05397|35
Q05397|36
Q05397|37
Q05397|39
Q05397|40
Q05397|41
Q05397|43
Q05397|45
Q05397|47
Q05397|48
Q05397|49
Q05397|56
Q05397|58
Q05397|59
Q05397|19
Q05397|20
Q05397|21
Q05397|26
Q05397|27
Q05397|29
Q05397|31
Q05397|32
Q05397|34
Q05397|35
Q05397|36
Q05397|37
Q05397|39
Q05397|40
Q05397|41
Q05397|43
Q05397|45
Q05397|47
Q05397|48
Q05397|49
Q05397|56
Q05397|58
Q05397|59
Q14289|19
Q14289|22
Q14289|23
Q14289|24
Q14289|25
Q14289|26
Q14289|29
Q14289|30
Q14289|31
Q14289|32
Q14289|33
Q14289|35
Q14289|36
Q14289|37
Q14289|39
Q14289|40
Q14289|41
Q14289|42
Q14289|44
Q14289|45
Q14289|46
Q14289|47
Q14289|48
Q14289|49
Q14289|50
Q14289|19
Q14289|22
Q14289|23
Q14289|24
Q14289|25
Q14289|26
Q14289|29
Q14289|30
Q14289|31
Q14289|32
Q14289|33
Q14289|35
Q14289|36
Q14289|37
Q14289|39
Q14289|40
Q14289|41
Q14289|42
Q14289|44
Q14289|45
Q14289|46
Q14289|47
Q14289|48
Q14289|49
Q14289|50
Q13308|7
Q13308|10
Q13308|11
Q13308|12
Q13308|13
Q13308|7
Q13308|10
Q13308|11
Q13308|12
Q13308|13
Q13308|7
Q13308|10
Q13308|11
Q13308|12
Q13308|13
Q13308|7
Q13308|10
Q13308|11
Q13308|12
Q13308|13
Q13308|7
Q13308|10
Q13308|11
Q13308|12
Q13308|13
Q13308|7
Q13308|10
Q13308|11
Q13308|12
Q13308|13
P07949|42
P07949|47
P07949|48
P07949|50
P07949|51
P07949|57
P07949|58
P07949|59
P07949|42
P07949|47
P07949|48
P07949|50
P07949|51
P07949|57
P07949|58
P07949|59
Q01973|11
Q01973|12
Q01973|11
Q01973|12
Q01973|11
Q01973|12
P34925|8
P34925|8
P12931|12
P12931|22
P12931|26
P12931|28
P12931|33
P12931|40
P12931|43
P12931|44
P12931|47
P12931|48
P12931|51
P12931|52
P12931|54
P12931|65
P12931|67
P12931|68
P12931|73
P12931|74
P12931|75
P12931|12
P12931|22
P12931|26
P12931|28
P12931|33
P12931|40
P12931|43
P12931|44
P12931|47
P12931|48
P12931|51
P12931|52
P12931|54
P12931|65
P12931|67
P12931|68
P12931|73
P12931|74
P12931|75
P43405|13
P43405|21
P43405|22
P43405|23
P43405|24
P43405|27
P43405|35
P43405|37
P43405|13
P43405|21
P43405|22
P43405|23
P43405|24
P43405|27
P43405|35
P43405|37
Q02763|18
Q02763|19
Q02763|21
Q02763|24
Q02763|30
Q02763|31
Q02763|32
Q02763|35
Q02763|40
Q02763|44
Q02763|18
Q02763|19
Q02763|21
Q02763|24
Q02763|30
Q02763|31
Q02763|32
Q02763|35
Q02763|40
Q02763|44
Q02763|18
Q02763|19
Q02763|21
Q02763|24
Q02763|30
Q02763|31
Q02763|32
Q02763|35
Q02763|40
Q02763|44
P35590|11
P35590|11
P35590|11
Q13470|11
Q13470|13
Q13470|11
Q13470|13
Q07912|15
Q07912|16
Q07912|20
Q07912|21
Q07912|23
Q07912|24
Q07912|27
Q07912|28
Q07912|32
Q07912|33
Q07912|34
Q07912|35
Q07912|15
Q07912|16
Q07912|20
Q07912|21
Q07912|23
Q07912|24
Q07912|27
Q07912|28
Q07912|32
Q07912|33
Q07912|34
Q07912|35
Q07912|15
Q07912|16
Q07912|20
Q07912|21
Q07912|23
Q07912|24
Q07912|27
Q07912|28
Q07912|32
Q07912|33
Q07912|34
Q07912|35
P43403|21
P43403|24
P43403|26
P43403|35
P43403|37
P43403|40
P43403|42
P43403|46
P43403|21
P43403|24
P43403|26
P43403|35
P43403|37
P43403|40
P43403|42
P43403|46
P43403|21
P43403|24
P43403|26
P43403|35
P43403|37
P43403|40
P43403|42
P43403|46
Q2M2I8|22
Q2M2I8|25
Q2M2I8|26
Q2M2I8|27
Q2M2I8|22
Q2M2I8|25
Q2M2I8|26
Q2M2I8|27
Q96GD4|8
Q96GD4|9
Q96GD4|10
Q96GD4|11
Q96GD4|12
Q96GD4|13
Q96GD4|14
Q96GD4|15
Q96GD4|16
Q96GD4|17
Q96GD4|19
Q96GD4|20
Q96GD4|22
Q96GD4|24
Q96GD4|30
Q96GD4|37
Q96GD4|39
Q96GD4|40
Q96GD4|42
Q96GD4|8
Q96GD4|9
Q96GD4|10
Q96GD4|11
Q96GD4|12
Q96GD4|13
Q96GD4|14
Q96GD4|15
Q96GD4|16
Q96GD4|17
Q96GD4|19
Q96GD4|20
Q96GD4|22
Q96GD4|24
Q96GD4|30
Q96GD4|37
Q96GD4|39
Q96GD4|40
Q96GD4|42
Q96GD4|8
Q96GD4|9
Q96GD4|10
Q96GD4|11
Q96GD4|12
Q96GD4|13
Q96GD4|14
Q96GD4|15
Q96GD4|16
Q96GD4|17
Q96GD4|19
Q96GD4|20
Q96GD4|22
Q96GD4|24
Q96GD4|30
Q96GD4|37
Q96GD4|39
Q96GD4|40
Q96GD4|42
Q96GD4|8
Q96GD4|9
Q96GD4|10
Q96GD4|11
Q96GD4|12
Q96GD4|13
Q96GD4|14
Q96GD4|15
Q96GD4|16
Q96GD4|17
Q96GD4|19
Q96GD4|20
Q96GD4|22
Q96GD4|24
Q96GD4|30
Q96GD4|37
Q96GD4|39
Q96GD4|40
Q96GD4|42
Q96GD4|8
Q96GD4|9
Q96GD4|10
Q96GD4|11
Q96GD4|12
Q96GD4|13
Q96GD4|14
Q96GD4|15
Q96GD4|16
Q96GD4|17
Q96GD4|19
Q96GD4|20
Q96GD4|22
Q96GD4|24
Q96GD4|30
Q96GD4|37
Q96GD4|39
Q96GD4|40
Q96GD4|42
Q9UQB9|6
Q9UQB9|7
Q9UQB9|8
Q9UQB9|9
Q9UQB9|12
Q9UQB9|13
Q9UQB9|15
Q9UQB9|6
Q9UQB9|7
Q9UQB9|8
Q9UQB9|9
Q9UQB9|12
Q9UQB9|13
Q9UQB9|15
Q9UQB9|6
Q9UQB9|7
Q9UQB9|8
Q9UQB9|9
Q9UQB9|12
Q9UQB9|13
Q9UQB9|15
O43683|18
O43683|21
O43683|22
O43683|23
O43683|24
O43683|25
O43683|29
O43683|30
O43683|18
O43683|21
O43683|22
O43683|23
O43683|24
O43683|25
O43683|29
O43683|30
O43683|18
O43683|21
O43683|22
O43683|23
O43683|24
O43683|25
O43683|29
O43683|30
O60566|13
O60566|15
O60566|18
O60566|19
O60566|32
O60566|33
O60566|13
O60566|15
O60566|18
O60566|19
O60566|32
O60566|33
O60566|13
O60566|15
O60566|18
O60566|19
O60566|32
O60566|33
Q8N5S9|11
Q8N5S9|11
Q96RR4|8
Q96RR4|12
Q96RR4|13
Q96RR4|16
Q96RR4|17
Q96RR4|8
Q96RR4|12
Q96RR4|13
Q96RR4|16
Q96RR4|17
Q96RR4|8
Q96RR4|12
Q96RR4|13
Q96RR4|16
Q96RR4|17
Q96RR4|8
Q96RR4|12
Q96RR4|13
Q96RR4|16
Q96RR4|17
Q96RR4|8
Q96RR4|12
Q96RR4|13
Q96RR4|16
Q96RR4|17
Q96RR4|8
Q96RR4|12
Q96RR4|13
Q96RR4|16
Q96RR4|17
Q96RR4|8
Q96RR4|12
Q96RR4|13
Q96RR4|16
Q96RR4|17
O00311|8
P68400|10
P68400|12
P68400|15
P68400|16
P68400|18
P68400|19
P68400|20
P68400|10
P68400|12
P68400|15
P68400|16
P68400|18
P68400|19
P68400|20
Q6XUX3|5
Q6XUX3|7
Q6XUX3|8
Q6XUX3|5
Q6XUX3|7
Q6XUX3|8
Q6XUX3|5
Q6XUX3|7
Q6XUX3|8
Q6XUX3|5
Q6XUX3|7
Q6XUX3|8
Q9BQI3|1
Q9BQI3|1
P19525|17
P19525|22
P19525|24
P19525|25
P19525|33
P19525|34
P19525|35
P19525|36
P19525|37
P19525|38
P19525|39
P19525|40
P19525|42
P19525|43
P19525|44
P19525|45
P19525|46
P19525|47
P19525|48
P19525|49
P19525|50
P19525|51
P19525|53
P19525|54
P19525|17
P19525|22
P19525|24
P19525|25
P19525|33
P19525|34
P19525|35
P19525|36
P19525|37
P19525|38
P19525|39
P19525|40
P19525|42
P19525|43
P19525|44
P19525|45
P19525|46
P19525|47
P19525|48
P19525|49
P19525|50
P19525|51
P19525|53
P19525|54
Q9P2K8|10
Q9P2K8|11
Q9P2K8|23
Q9P2K8|24
Q9P2K8|22
Q9P2K8|10
Q9P2K8|11
Q9P2K8|23
Q9P2K8|24
Q9P2K8|22
Q9P2K8|10
Q9P2K8|11
Q9P2K8|23
Q9P2K8|24
Q9P2K8|22
O75460|15
O75460|17
O75460|18
O75460|21
O75460|22
O75460|26
O75460|28
O75460|34
O75460|15
O75460|17
O75460|18
O75460|21
O75460|22
O75460|26
O75460|28
O75460|34
O14976|19
O14976|19
Q8TF76|10
Q8TF76|14
Q8TF76|15
Q8TF76|19
Q8TF76|20
Q8TF76|10
Q8TF76|14
Q8TF76|15
Q8TF76|19
Q8TF76|20
O14920|7
O14920|16
O14920|21
O14920|34
O14920|41
O14920|42
O14920|43
O14920|44
O14920|45
O14920|54
O14920|7
O14920|16
O14920|21
O14920|34
O14920|41
O14920|42
O14920|43
O14920|44
O14920|45
O14920|54
O14920|7
O14920|16
O14920|21
O14920|34
O14920|41
O14920|42
O14920|43
O14920|44
O14920|45
O14920|54
O14920|7
O14920|16
O14920|21
O14920|34
O14920|41
O14920|42
O14920|43
O14920|44
O14920|45
O14920|54
Q14164|9
Q14164|11
Q14164|14
Q14164|15
Q14164|17
Q14164|18
Q14164|19
Q14164|20
Q14164|21
Q14164|9
Q14164|11
Q14164|14
Q14164|15
Q14164|17
Q14164|18
Q14164|19
Q14164|20
Q14164|21
Q8NB16|14
Q8NB16|15
Q8NB16|16
Q8NB16|18
Q8NB16|20
Q8NB16|14
Q8NB16|15
Q8NB16|16
Q8NB16|18
Q8NB16|20
Q9NSY0|2
Q9NSY0|2
Q9NSY0|2
Q9NSY0|2
Q58A45|3
Q58A45|4
Q58A45|9
Q58A45|3
Q58A45|4
Q58A45|9
Q58A45|3
Q58A45|4
Q58A45|9
Q58A45|3
Q58A45|4
Q58A45|9
Q9BXM7|2
Q9BXM7|7
Q9BXM7|9
Q9BXM7|30
Q9BXM7|31
Q9BXM7|32
Q9BXM7|33
Q9BXM7|38
Q9BXM7|39
Q9BXM7|40
Q9BXM7|42
Q9BXM7|43
Q9BXM7|44
Q9BXM7|45
Q9BXM7|46
Q9BXM7|2
Q9BXM7|7
Q9BXM7|9
Q9BXM7|30
Q9BXM7|31
Q9BXM7|32
Q9BXM7|33
Q9BXM7|38
Q9BXM7|39
Q9BXM7|40
Q9BXM7|42
Q9BXM7|43
Q9BXM7|44
Q9BXM7|45
Q9BXM7|46
Q99640|11
Q99640|15
Q99640|11
Q99640|15
Q99640|11
Q99640|15
Q99640|11
Q99640|15
O00444|16
O00444|17
O00444|19
O00444|20
O00444|21
O00444|25
O00444|26
O00444|29
O00444|16
O00444|17
O00444|19
O00444|20
O00444|21
O00444|25
O00444|26
O00444|29
O00444|16
O00444|17
O00444|19
O00444|20
O00444|21
O00444|25
O00444|26
O00444|29
Q496M5|3
Q496M5|3
Q7Z7A4|1
Q7Z7A4|10
Q7Z7A4|1
Q7Z7A4|10
Q7Z7A4|1
Q7Z7A4|10
Q7Z7A4|1
Q7Z7A4|10
Q7Z7A4|1
Q7Z7A4|10
Q7Z7A4|1
Q7Z7A4|10
Q7Z7A4|1
Q7Z7A4|10
Q05823|9
Q05823|15
Q05823|9
Q05823|15
Q96S38|7
Q96S38|8
Q96S38|7
Q96S38|8
Q96KG9|10
Q96KG9|11
Q96KG9|10
Q96KG9|10
Q96KG9|11
Q96KG9|10
Q96KG9|10
Q96KG9|11
Q96KG9|10
Q96KG9|10
Q96KG9|11
Q96KG9|10
Q96KG9|10
Q96KG9|11
Q96KG9|10
Q96KG9|10
Q96KG9|11
Q96KG9|10
Q8IZE3|4
Q8IZE3|4
Q9NRP7|2
Q9NRP7|6
Q9NRP7|2
Q9NRP7|6
Q8TEA7|10
Q8TEA7|11
Q8TEA7|13
Q8TEA7|10
Q8TEA7|11
Q8TEA7|13
Q8TEA7|10
Q8TEA7|11
Q8TEA7|13
Q8IWB6|2
Q8IWB6|2
Q8IWB6|2
Q9UKI8|9
Q9UKI8|10
Q9UKI8|11
Q9UKI8|12
Q9UKI8|13
Q9UKI8|16
Q9UKI8|9
Q9UKI8|10
Q9UKI8|11
Q9UKI8|12
Q9UKI8|13
Q9UKI8|16
Q9UKI8|9
Q9UKI8|10
Q9UKI8|11
Q9UKI8|12
Q9UKI8|13
Q9UKI8|16
Q9UKI8|9
Q9UKI8|10
Q9UKI8|11
Q9UKI8|12
Q9UKI8|13
Q9UKI8|16
Q9UKI8|9
Q9UKI8|10
Q9UKI8|11
Q9UKI8|12
Q9UKI8|13
Q9UKI8|16
Q86UE8|9
Q86UE8|10
Q86UE8|11
Q86UE8|12
Q86UE8|15
Q86UE8|16
Q86UE8|19
Q86UE8|9
Q86UE8|10
Q86UE8|11
Q86UE8|12
Q86UE8|15
Q86UE8|16
Q86UE8|19
Q86UE8|9
Q86UE8|10
Q86UE8|11
Q86UE8|12
Q86UE8|15
Q86UE8|16
Q86UE8|19
P33981|17
P33981|17
Q8TAS1|1
Q8TAS1|1
Q8TAS1|1
Q6PHR2|7
Q6PHR2|8
Q6PHR2|9
Q6PHR2|7
Q6PHR2|8
Q6PHR2|9
Q6PHR2|7
Q6PHR2|8
Q6PHR2|9
Q6PHR2|7
Q6PHR2|8
Q6PHR2|9
Q9H4A3|14
Q9H4A3|15
Q9H4A3|17
Q9H4A3|21
Q9H4A3|15
Q9H4A3|14
Q9H4A3|15
Q9H4A3|17
Q9H4A3|21
Q9H4A3|15
Q9H4A3|14
Q9H4A3|15
Q9H4A3|17
Q9H4A3|21
Q9H4A3|15
Q9H4A3|14
Q9H4A3|15
Q9H4A3|17
Q9H4A3|21
Q9H4A3|15
Q9H4A3|14
Q9H4A3|15
Q9H4A3|17
Q9H4A3|21
Q9H4A3|15
Q9H4A3|14
Q9H4A3|15
Q9H4A3|17
Q9H4A3|21
Q9H4A3|15
Q9Y3S1|11
Q9Y3S1|12
Q9Y3S1|13
Q9Y3S1|11
Q9Y3S1|12
Q9Y3S1|13
Q9Y3S1|11
Q9Y3S1|12
Q9Y3S1|13
Q9Y3S1|11
Q9Y3S1|12
Q9Y3S1|13
Q9BYP7|17
Q9BYP7|18
Q9BYP7|19
Q9BYP7|20
Q9BYP7|22
Q9BYP7|23
Q9BYP7|25
Q9BYP7|24
Q9BYP7|26
Q9BYP7|17
Q9BYP7|18
Q9BYP7|19
Q9BYP7|20
Q9BYP7|22
Q9BYP7|23
Q9BYP7|25
Q9BYP7|24
Q9BYP7|26
Q9BYP7|17
Q9BYP7|18
Q9BYP7|19
Q9BYP7|20
Q9BYP7|22
Q9BYP7|23
Q9BYP7|25
Q9BYP7|24
Q9BYP7|26
Q9BYP7|17
Q9BYP7|18
Q9BYP7|19
Q9BYP7|20
Q9BYP7|22
Q9BYP7|23
Q9BYP7|25
Q9BYP7|24
Q9BYP7|26
Q96J92|4
Q96J92|11
Q96J92|4
Q96J92|11
Q96J92|4
Q96J92|11
Q86TW2|3
Q86TW2|7
Q86TW2|3
Q86TW2|7
Q86TW2|3
Q86TW2|7
Q8NI60|14
Q8NI60|17
Q8NI60|25
Q8NI60|28
Q8NI60|14
Q8NI60|17
Q8NI60|25
Q8NI60|28
Q8NI60|14
Q8NI60|17
Q8NI60|25
Q8NI60|28
Q8NI60|14
Q8NI60|17
Q8NI60|25
Q8NI60|28
Q96D53|1
Q96D53|4
Q96D53|1
Q96D53|4
Q96QP1|6
Q96QP1|8
Q96QP1|9
Q96QP1|10
Q96QP1|11
Q96QP1|6
Q96QP1|8
Q96QP1|9
Q96QP1|10
Q96QP1|11
Q14296|2
Q14296|5
Q14296|4
Q14296|2
Q14296|5
Q14296|4
Q14296|2
Q14296|5
Q14296|4
Q14296|2
Q14296|5
Q14296|4
O14874|7
O14874|7
O14874|7
Q15118|9
Q15118|10
Q15118|12
Q15118|14
Q15118|9
Q15118|10
Q15118|12
Q15118|14
Q15119|19
Q15119|22
Q15119|23
Q15119|24
Q15119|25
Q15119|26
Q15119|19
Q15119|22
Q15119|23
Q15119|24
Q15119|25
Q15119|26
Q15120|8
Q15120|9
Q15120|11
Q15120|12
Q15120|16
Q15120|17
Q15120|19
Q15120|8
Q15120|9
Q15120|11
Q15120|12
Q15120|16
Q15120|17
Q15120|19
Q13535|9
Q13535|10
Q13535|11
Q13535|12
Q13535|13
Q13535|15
Q13535|16
Q13535|17
Q13535|19
Q13535|22
Q13535|23
Q13535|24
Q13535|25
Q13535|26
Q13535|29
Q13535|30
Q13535|31
Q13535|34
Q13535|41
Q13535|43
Q13535|44
Q13535|47
Q13535|48
Q13535|50
Q13535|9
Q13535|10
Q13535|11
Q13535|12
Q13535|13
Q13535|15
Q13535|16
Q13535|17
Q13535|19
Q13535|22
Q13535|23
Q13535|24
Q13535|25
Q13535|26
Q13535|29
Q13535|30
Q13535|31
Q13535|34
Q13535|41
Q13535|43
Q13535|44
Q13535|47
Q13535|48
Q13535|50
Q13535|9
Q13535|10
Q13535|11
Q13535|12
Q13535|13
Q13535|15
Q13535|16
Q13535|17
Q13535|19
Q13535|22
Q13535|23
Q13535|24
Q13535|25
Q13535|26
Q13535|29
Q13535|30
Q13535|31
Q13535|34
Q13535|41
Q13535|43
Q13535|44
Q13535|47
Q13535|48
Q13535|50
O00329|16
O00329|17
O00329|16
O00329|17
P78527|12
P78527|16
P78527|17
P78527|18
P78527|19
P78527|22
P78527|23
P78527|24
P78527|25
P78527|26
P78527|27
P78527|31
P78527|35
P78527|36
P78527|37
P78527|44
P78527|49
P78527|54
P78527|55
P78527|56
P78527|57
P78527|59
P78527|60
P78527|61
P78527|64
P78527|12
P78527|16
P78527|17
P78527|18
P78527|19
P78527|22
P78527|23
P78527|24
P78527|25
P78527|26
P78527|27
P78527|31
P78527|35
P78527|36
P78527|37
P78527|44
P78527|49
P78527|54
P78527|55
P78527|56
P78527|57
P78527|59
P78527|60
P78527|61
P78527|64
Q96Q15|11
Q96Q15|12
Q96Q15|15
Q96Q15|16
Q96Q15|11
Q96Q15|12
Q96Q15|15
Q96Q15|16
Q96Q15|11
Q96Q15|12
Q96Q15|15
Q96Q15|16
Q96Q15|11
Q96Q15|12
Q96Q15|15
Q96Q15|16
Q9BVS4|15
Q9BVS4|17
Q9BVS4|18
Q9BVS4|15
Q9BVS4|17
Q9BVS4|18
O14730|6
O14730|8
O14730|9
O14730|10
O14730|6
O14730|8
O14730|9
O14730|10
