uniprot_id|residue_position|type_modif|genom_begin|genom_end
Q8IWQ3-4|416|Phosphoserine.|1447817|1447819
Q13555-5|325|Phosphoserine.|73839575|73839573
Q13555-10|325|Phosphoserine.|73837485|73837483
Q13555-11|325|Phosphoserine.|73839575|73839573
Q13555-11|346|Phosphoserine.|73837485|73837483
O14936-3|571|Phosphoserine.|41559787|41559785
O14936-4|577|Phosphoserine.|41559787|41559785
Q7KZI7-13|376|Phosphoserine.|63902321|63902323
Q7KZI7-14|376|Phosphoserine.|63902321|63902323
Q7KZI7-15|409|Phosphoserine.|63902321|63902323
Q7KZI7-16|409|Phosphoserine.|63902321|63902323
P27448-8|407|Phosphoserine.|103475184|103475186
Q15831-2|399|Phosphoserine.|1223724|1223726
P48729-2|156|Phosphoserine.|149517868|149517866
P48729-3|321|Phosphothreonine.|149505492|149505490
Q9Y6M4-3|366|Phosphoserine.|123604733|123604735
Q9Y6M4-4|367|Phosphoserine.|123604733|123604735
Q9Y6M4-5|291|Phosphoserine.|123604733|123604735
Q9Y6M4-6|254|Phosphoserine.|123604733|123604735
P45983-1|377|Phosphoserine.|48431261|48431263
P45983-3|377|Phosphoserine.|48431261|48431263
P45983-5|301|Phosphoserine.|48431261|48431263
Q9NYL2-2|339|Phosphoserine.|173221177|173221179
Q9NYL2-2|429|Phosphoserine.|173221447|173221449
Q9NYL2-2|434|Phosphoserine.|173221462|173221464
Q9NYL2-2|454|Phosphoserine.|173221522|173221524
O95819-6|608|Phosphoserine.|101864978|101864980
O95819-6|625|Phosphoserine.|101865029|101865031
Q9UL54-2|1031|Phosphoserine.|29991509|29991511
Q9UL54-2|1011|Phosphoserine.|29991449|29991451
P42684-4|647|Phosphotyrosine.|179109220|179109218
P42684-5|683|Phosphotyrosine.|179109220|179109218
P42684-7|662|Phosphotyrosine.|179109220|179109218
P42684-10|668|Phosphotyrosine.|179109220|179109218
P29323-2|983|Phosphoserine.|22913556|22913558
P29323-3|984|Phosphoserine.|22913556|22913558
Q13470-2|411|Phosphoserine.|7386654|7386990
Q96RR4-3|522|Phosphoserine.|121240859|121240857
Q96RR4-5|479|Phosphoserine.|121240859|121240857
