uniprot|tmp_iso_id
P31749|P31749-1
P31749|P31749-2
P31751|P31751-1
P31751|P31751-2
Q9Y243|Q9Y243-1
Q9Y243|Q9Y243-2
Q5VT25|Q5VT25-1
Q5VT25|Q5VT25-2
Q5VT25|Q5VT25-3
Q5VT25|Q5VT25-4
Q5VT25|Q5VT25-5
Q5VT25|Q5VT25-6
O14578|O14578-1
O14578|O14578-2
O14578|O14578-3
O14578|O14578-4
Q09013|Q09013-9
Q09013|Q09013-11
Q09013|Q09013-16
Q09013|Q09013-15
Q09013|Q09013-10
Q09013|Q09013-12
Q09013|Q09013-1
Q09013|Q09013-2
Q09013|Q09013-5
Q09013|Q09013-6
Q09013|Q09013-7
Q09013|Q09013-8
P32298|P32298-1
P32298|P32298-2
P32298|P32298-3
P32298|P32298-4
P43250|P43250-1
P43250|P43250-2
P43250|P43250-3
O95835|O95835-1
O95835|O95835-2
Q6P0Q8|Q6P0Q8-1
Q6P0Q8|Q6P0Q8-2
O15021|O15021-5
O15021|O15021-2
O15021|O15021-4
O15021|O15021-3
O15021|O15021-6
Q96GX5|Q96GX5-1
Q96GX5|Q96GX5-2
Q96GX5|Q96GX5-3
O15530|O15530-1
O15530|O15530-2
O15530|O15530-3
O15530|O15530-4
O15530|O15530-5
Q16512|Q16512-1
Q16512|Q16512-2
Q16512|Q16512-3
Q16513|Q16513-1
Q16513|Q16513-2
Q16513|Q16513-3
Q16513|Q16513-4
Q16513|Q16513-5
P17612|P17612-1
P17612|P17612-2
P22694|P22694-1
P22694|P22694-2
P22694|P22694-3
P22694|P22694-4
P22694|P22694-5
P22694|P22694-6
P22694|P22694-7
P22694|P22694-8
P22694|P22694-9
P22694|P22694-10
P05771|P05771-1
P05771|P05771-2
Q05655|Q05655-1
Q05655|Q05655-2
P05129|P05129-1
P05129|P05129-2
P24723|P24723-1
P24723|P24723-2
Q04759|Q04759-1
Q04759|Q04759-2
Q04759|Q04759-3
Q05513|Q05513-1
Q05513|Q05513-2
Q05513|Q05513-3
Q13976|Q13976-1
Q13976|Q13976-2
Q13976|Q13976-3
Q13237|Q13237-1
Q13237|Q13237-2
Q15418|Q15418-1
Q15418|Q15418-2
Q15418|Q15418-3
Q15418|Q15418-4
Q15349|Q15349-1
Q15349|Q15349-2
Q15349|Q15349-3
O75676|O75676-1
O75676|O75676-2
O75582|O75582-1
O75582|O75582-2
O75582|O75582-3
Q9UK32|Q9UK32-1
Q9UK32|Q9UK32-2
P23443|P23443-1
P23443|P23443-2
P23443|P23443-3
P23443|P23443-5
P23443|P23443-4
Q9UBS0|Q9UBS0-1
Q9UBS0|Q9UBS0-2
O00141|O00141-1
O00141|O00141-2
O00141|O00141-3
O00141|O00141-4
O00141|O00141-5
Q9HBY8|Q9HBY8-1
Q9HBY8|Q9HBY8-2
Q9HBY8|Q9HBY8-3
Q96BR1|Q96BR1-1
Q96BR1|Q96BR1-2
Q9Y2H1|Q9Y2H1-1
Q9Y2H1|Q9Y2H1-2
Q8TDC3|Q8TDC3-1
Q8TDC3|Q8TDC3-2
Q8TDC3|Q8TDC3-3
Q8IWQ3|Q8IWQ3-1
Q8IWQ3|Q8IWQ3-2
Q8IWQ3|Q8IWQ3-3
Q8IWQ3|Q8IWQ3-4
Q8IWQ3|Q8IWQ3-5
Q8IWQ3|Q8IWQ3-6
Q8IU85|Q8IU85-1
Q8IU85|Q8IU85-2
Q96NX5|Q96NX5-1
Q96NX5|Q96NX5-2
Q9UQM7|Q9UQM7-1
Q9UQM7|Q9UQM7-2
Q13554|Q13554-1
Q13554|Q13554-2
Q13554|Q13554-3
Q13554|Q13554-4
Q13554|Q13554-5
Q13554|Q13554-6
Q13554|Q13554-7
Q13554|Q13554-8
Q13557|Q13557-1
Q13557|Q13557-3
Q13557|Q13557-4
Q13557|Q13557-8
Q13557|Q13557-9
Q13557|Q13557-5
Q13557|Q13557-6
Q13557|Q13557-10
Q13557|Q13557-11
Q13557|Q13557-12
Q13555|Q13555-1
Q13555|Q13555-2
Q13555|Q13555-3
Q13555|Q13555-4
Q13555|Q13555-5
Q13555|Q13555-6
Q13555|Q13555-7
Q13555|Q13555-8
Q13555|Q13555-9
Q13555|Q13555-10
Q13555|Q13555-11
Q8NCB2|Q8NCB2-1
Q8NCB2|Q8NCB2-2
Q8NCB2|Q8NCB2-3
O14936|O14936-1
O14936|O14936-2
O14936|O14936-3
O14936|O14936-4
O14936|O14936-5
O14936|O14936-6
O14757|O14757-1
O14757|O14757-2
O14757|O14757-3
O96017|O96017-1
O96017|O96017-2
O96017|O96017-3
O96017|O96017-4
O96017|O96017-5
O96017|O96017-6
O96017|O96017-7
O96017|O96017-8
O96017|O96017-9
O96017|O96017-10
O96017|O96017-11
O96017|O96017-12
O96017|O96017-13
P53355|P53355-1
P53355|P53355-2
P53355|P53355-3
P53355|P53355-4
Q9UIK4|Q9UIK4-1
Q9UIK4|Q9UIK4-2
O43293|O43293-1
O43293|O43293-2
O15075|O15075-1
O15075|O15075-2
O15075|O15075-3
O15075|O15075-4
Q8N568|Q8N568-1
Q8N568|Q8N568-2
Q8N568|Q8N568-3
O60229|O60229-1
O60229|O60229-2
O60229|O60229-4
O60229|O60229-5
O60229|O60229-6
P49137|P49137-1
P49137|P49137-2
Q8IW41|Q8IW41-1
Q8IW41|Q8IW41-2
Q9P0L2|Q9P0L2-1
Q9P0L2|Q9P0L2-2
Q9P0L2|Q9P0L2-3
Q7KZI7|Q7KZI7-1
Q7KZI7|Q7KZI7-2
Q7KZI7|Q7KZI7-3
Q7KZI7|Q7KZI7-4
Q7KZI7|Q7KZI7-5
Q7KZI7|Q7KZI7-6
Q7KZI7|Q7KZI7-7
Q7KZI7|Q7KZI7-8
Q7KZI7|Q7KZI7-9
Q7KZI7|Q7KZI7-10
Q7KZI7|Q7KZI7-11
Q7KZI7|Q7KZI7-12
Q7KZI7|Q7KZI7-13
Q7KZI7|Q7KZI7-14
Q7KZI7|Q7KZI7-15
Q7KZI7|Q7KZI7-16
P27448|P27448-5
P27448|P27448-2
P27448|P27448-3
P27448|P27448-4
P27448|P27448-6
P27448|P27448-7
P27448|P27448-8
Q96L34|Q96L34-1
Q96L34|Q96L34-2
Q14680|Q14680-1
Q14680|Q14680-2
Q14680|Q14680-3
Q14680|Q14680-4
Q14680|Q14680-5
Q14680|Q14680-6
Q14680|Q14680-7
Q14680|Q14680-8
Q9BUB5|Q9BUB5-1
Q9BUB5|Q9BUB5-2
Q9BUB5|Q9BUB5-3
Q9HBH9|Q9HBH9-1
Q9HBH9|Q9HBH9-2
Q9HBH9|Q9HBH9-3
Q9HBH9|Q9HBH9-4
Q9HBH9|Q9HBH9-5
Q15746|Q15746-1
Q15746|Q15746-2
Q15746|Q15746-3
Q15746|Q15746-4
Q15746|Q15746-5
Q15746|Q15746-6
Q15746|Q15746-7
Q15746|Q15746-8
Q15746|Q15746-9
Q15746|Q15746-10
Q15746|Q15746-11
Q32MK0|Q32MK0-3
Q32MK0|Q32MK0-4
Q86YV6|Q86YV6-1
Q86YV6|Q86YV6-2
O60285|O60285-1
O60285|O60285-2
Q5VST9|Q5VST9-1
Q5VST9|Q5VST9-2
Q5VST9|Q5VST9-3
Q5VST9|Q5VST9-5
Q5VST9|Q5VST9-6
Q96RG2|Q96RG2-1
Q96RG2|Q96RG2-2
Q96RG2|Q96RG2-4
Q16816|Q16816-1
Q16816|Q16816-2
P15735|P15735-1
P15735|P15735-2
P11309|P11309-1
P11309|P11309-2
Q6P2M8|Q6P2M8-1
Q6P2M8|Q6P2M8-2
Q6P2M8|Q6P2M8-3
Q6P2M8|Q6P2M8-5
Q6P2M8|Q6P2M8-6
Q13131|Q13131-1
Q13131|Q13131-2
Q9BZL6|Q9BZL6-1
Q9BZL6|Q9BZL6-2
Q9BZL6|Q9BZL6-3
O94806|O94806-1
O94806|O94806-2
Q9Y2K2|Q9Y2K2-5
Q9Y2K2|Q9Y2K2-6
Q9Y2K2|Q9Y2K2-7
Q9Y2K2|Q9Y2K2-8
Q9NRH2|Q9NRH2-1
Q9NRH2|Q9NRH2-2
Q15772|Q15772-5
Q15772|Q15772-3
Q15772|Q15772-4
Q15772|Q15772-1
Q15831|Q15831-1
Q15831|Q15831-2
Q9BYT3|Q9BYT3-1
Q9BYT3|Q9BYT3-2
Q8N2I9|Q8N2I9-1
Q8N2I9|Q8N2I9-2
Q8N2I9|Q8N2I9-3
Q8N2I9|Q8N2I9-4
Q96RU8|Q96RU8-1
Q96RU8|Q96RU8-2
O75962|O75962-1
O75962|O75962-2
O75962|O75962-3
O75962|O75962-4
O75962|O75962-5
Q6SA08|Q6SA08-1
Q6SA08|Q6SA08-2
Q6SA08|Q6SA08-3
Q8WZ42|Q8WZ42-1
Q8WZ42|Q8WZ42-2
Q8WZ42|Q8WZ42-3
Q8WZ42|Q8WZ42-4
Q8WZ42|Q8WZ42-5
Q8WZ42|Q8WZ42-6
Q8WZ42|Q8WZ42-7
Q8WZ42|Q8WZ42-8
Q8WZ42|Q8WZ42-9
Q8WZ42|Q8WZ42-10
Q8WZ42|Q8WZ42-11
Q8WZ42|Q8WZ42-12
Q8WZ42|Q8WZ42-13
P48729|P48729-1
P48729|P48729-2
P48729|P48729-3
P48730|P48730-1
P48730|P48730-2
Q9HCP0|Q9HCP0-1
Q9HCP0|Q9HCP0-2
Q9Y6M4|Q9Y6M4-1
Q9Y6M4|Q9Y6M4-2
Q9Y6M4|Q9Y6M4-3
Q9Y6M4|Q9Y6M4-4
Q9Y6M4|Q9Y6M4-5
Q9Y6M4|Q9Y6M4-6
Q5TCY1|Q5TCY1-1
Q5TCY1|Q5TCY1-2
Q6IQ55|Q6IQ55-1
Q6IQ55|Q6IQ55-2
Q6IQ55|Q6IQ55-3
Q86Y07|Q86Y07-1
Q86Y07|Q86Y07-2
Q86Y07|Q86Y07-3
Q86Y07|Q86Y07-4
Q86Y07|Q86Y07-5
Q8IV63|Q8IV63-1
Q8IV63|Q8IV63-2
Q8IV63|Q8IV63-3
P06493|P06493-1
P06493|P06493-2
Q15131|Q15131-1
Q15131|Q15131-2
Q15131|Q15131-3
Q15131|Q15131-4
Q15131|Q15131-5
Q15131|Q15131-6
Q15131|Q15131-7
Q9UQ88|Q9UQ88-1
Q9UQ88|Q9UQ88-2
Q9UQ88|Q9UQ88-3
Q9UQ88|Q9UQ88-4
Q9UQ88|Q9UQ88-5
Q9UQ88|Q9UQ88-8
Q9UQ88|Q9UQ88-9
Q9UQ88|Q9UQ88-10
P21127|P21127-1
P21127|P21127-2
P21127|P21127-3
P21127|P21127-4
P21127|P21127-5
P21127|P21127-6
P21127|P21127-8
P21127|P21127-9
P21127|P21127-10
P21127|P21127-12
Q9NYV4|Q9NYV4-1
Q9NYV4|Q9NYV4-2
Q9NYV4|Q9NYV4-3
Q14004|Q14004-1
Q14004|Q14004-2
O94921|O94921-1
O94921|O94921-2
O94921|O94921-3
Q96Q40|Q96Q40-1
Q96Q40|Q96Q40-3
Q96Q40|Q96Q40-4
Q96Q40|Q96Q40-5
Q96Q40|Q96Q40-6
Q00536|Q00536-1
Q00536|Q00536-2
Q00536|Q00536-3
Q00537|Q00537-1
Q00537|Q00537-2
Q07002|Q07002-2
Q07002|Q07002-3
Q9BWU1|Q9BWU1-1
Q9BWU1|Q9BWU1-2
P24941|P24941-1
P24941|P24941-2
Q8IZL9|Q8IZL9-1
Q8IZL9|Q8IZL9-2
Q8IZL9|Q8IZL9-3
Q8IZL9|Q8IZL9-4
Q8IZL9|Q8IZL9-5
P11802|P11802-1
P11802|P11802-2
Q00535|Q00535-1
Q00535|Q00535-2
P49336|P49336-1
P49336|P49336-2
P50750|P50750-1
P50750|P50750-2
Q00532|Q00532-1
Q00532|Q00532-2
Q00532|Q00532-3
Q8IVW4|Q8IVW4-1
Q8IVW4|Q8IVW4-2
Q5MAI5|Q5MAI5-1
Q5MAI5|Q5MAI5-2
O76039|O76039-1
O76039|O76039-2
P49759|P49759-1
P49759|P49759-2
P49759|P49759-3
P49760|P49760-1
P49760|P49760-2
P49760|P49760-3
P49761|P49761-4
P49761|P49761-1
P49761|P49761-2
P49761|P49761-3
Q13627|Q13627-1
Q13627|Q13627-2
Q13627|Q13627-3
Q13627|Q13627-4
Q13627|Q13627-5
Q9Y463|Q9Y463-1
Q9Y463|Q9Y463-2
Q9Y463|Q9Y463-3
Q92630|Q92630-1
Q92630|Q92630-2
O43781|O43781-1
O43781|O43781-2
Q9NR20|Q9NR20-1
Q9NR20|Q9NR20-2
Q9NR20|Q9NR20-3
Q9NR20|Q9NR20-4
Q9NR20|Q9NR20-5
P49841|P49841-1
P49841|P49841-2
Q86Z02|Q86Z02-1
Q86Z02|Q86Z02-2
Q86Z02|Q86Z02-3
Q86Z02|Q86Z02-4
Q9H2X6|Q9H2X6-1
Q9H2X6|Q9H2X6-2
Q9H2X6|Q9H2X6-3
Q9H422|Q9H422-1
Q9H422|Q9H422-2
Q9UPZ9|Q9UPZ9-1
Q9UPZ9|Q9UPZ9-2
P20794|P20794-1
P20794|P20794-2
P20794|P20794-3
P28482|P28482-1
P28482|P28482-2
P53779|P53779-1
P53779|P53779-2
P53779|P53779-3
Q15759|Q15759-1
Q15759|Q15759-3
P53778|P53778-1
P53778|P53778-2
O15264|O15264-1
O15264|O15264-2
Q16539|Q16539-1
Q16539|Q16539-2
Q16539|Q16539-3
Q16539|Q16539-4
Q16539|Q16539-5
Q8TD08|Q8TD08-1
Q8TD08|Q8TD08-2
Q8TD08|Q8TD08-3
P27361|P27361-1
P27361|P27361-2
P27361|P27361-3
Q13164|Q13164-1
Q13164|Q13164-2
Q13164|Q13164-3
Q13164|Q13164-4
P45983|P45983-1
P45983|P45983-2
P45983|P45983-3
P45983|P45983-4
P45983|P45983-5
P45984|P45984-1
P45984|P45984-2
P45984|P45984-3
P45984|P45984-4
P45984|P45984-5
Q9UQ07|Q9UQ07-1
Q9UQ07|Q9UQ07-2
Q9UQ07|Q9UQ07-3
Q9UQ07|Q9UQ07-4
Q9UQ07|Q9UQ07-5
Q9UQ07|Q9UQ07-6
Q96SB4|Q96SB4-2
Q96SB4|Q96SB4-3
Q96SB4|Q96SB4-4
P78362|P78362-1
P78362|P78362-2
Q9UPE1|Q9UPE1-1
Q9UPE1|Q9UPE1-2
Q9UPE1|Q9UPE1-3
Q9UPE1|Q9UPE1-4
Q96PY6|Q96PY6-1
Q96PY6|Q96PY6-2
Q96PY6|Q96PY6-3
Q96PY6|Q96PY6-4
Q96PY6|Q96PY6-5
Q96PY6|Q96PY6-6
Q6ZWH5|Q6ZWH5-1
Q6ZWH5|Q6ZWH5-2
Q6ZWH5|Q6ZWH5-3
Q6ZWH5|Q6ZWH5-4
Q6ZWH5|Q6ZWH5-5
Q6ZWH5|Q6ZWH5-6
Q6ZWH5|Q6ZWH5-7
Q8NG66|Q8NG66-1
Q8NG66|Q8NG66-2
Q8NG66|Q8NG66-3
Q8NG66|Q8NG66-4
P51955|P51955-1
P51955|P51955-2
P51955|P51955-3
P51955|P51955-4
P51956|P51956-1
P51956|P51956-2
P51957|P51957-1
P51957|P51957-2
P51957|P51957-3
Q9HC98|Q9HC98-1
Q9HC98|Q9HC98-2
Q9HC98|Q9HC98-3
Q9HC98|Q9HC98-4
Q8TDX7|Q8TDX7-1
Q8TDX7|Q8TDX7-2
P20594|P20594-1
P20594|P20594-2
Q02750|Q02750-1
Q02750|Q02750-2
P46734|P46734-1
P46734|P46734-2
P46734|P46734-3
P45985|P45985-1
P45985|P45985-2
Q13163|Q13163-1
Q13163|Q13163-2
Q13163|Q13163-3
Q13163|Q13163-4
P52564|P52564-1
P52564|P52564-2
O14733|O14733-1
O14733|O14733-2
O14733|O14733-3
O14733|O14733-4
Q16584|Q16584-1
Q16584|Q16584-2
Q12852|Q12852-1
Q12852|Q12852-2
O43283|O43283-1
O43283|O43283-3
O43283|O43283-4
O43283|O43283-5
O43283|O43283-6
Q6ZN16|Q6ZN16-1
Q6ZN16|Q6ZN16-2
Q6ZN16|Q6ZN16-3
Q56UN5|Q56UN5-1
Q56UN5|Q56UN5-3
Q56UN5|Q56UN5-4
Q56UN5|Q56UN5-5
Q56UN5|Q56UN5-7
Q9NYL2|Q9NYL2-1
Q9NYL2|Q9NYL2-2
Q9NYL2|Q9NYL2-3
Q5TCX8|Q5TCX8-1
Q5TCX8|Q5TCX8-2
Q5TCX8|Q5TCX8-3
Q99759|Q99759-1
Q99759|Q99759-2
Q9Y6R4|Q9Y6R4-1
Q9Y6R4|Q9Y6R4-2
Q99683|Q99683-1
Q99683|Q99683-2
O95382|O95382-1
O95382|O95382-2
O95382|O95382-3
O43318|O43318-1
O43318|O43318-2
O43318|O43318-3
O43318|O43318-4
P41279|P41279-1
P41279|P41279-2
P80192|P80192-1
P80192|P80192-4
Q92918|Q92918-1
Q92918|Q92918-2
Q12851|Q12851-1
Q12851|Q12851-2
Q8IVH8|Q8IVH8-1
Q8IVH8|Q8IVH8-2
Q8IVH8|Q8IVH8-3
O95819|O95819-1
O95819|O95819-2
O95819|O95819-3
O95819|O95819-4
O95819|O95819-5
O95819|O95819-6
Q8N4C8|Q8N4C8-1
Q8N4C8|Q8N4C8-2
Q8N4C8|Q8N4C8-3
Q8N4C8|Q8N4C8-4
Q8N4C8|Q8N4C8-5
Q8NEV4|Q8NEV4-1
Q8NEV4|Q8NEV4-2
Q8WXR4|Q8WXR4-1
Q8WXR4|Q8WXR4-2
Q8WXR4|Q8WXR4-3
Q8WXR4|Q8WXR4-4
Q8WXR4|Q8WXR4-5
Q8WXR4|Q8WXR4-6
Q8WXR4|Q8WXR4-7
Q7Z2Y5|Q7Z2Y5-1
Q7Z2Y5|Q7Z2Y5-2
Q7Z2Y5|Q7Z2Y5-3
Q13153|Q13153-1
Q13153|Q13153-2
O75914|O75914-1
O75914|O75914-2
O75914|O75914-3
O75914|O75914-4
O96013|O96013-1
O96013|O96013-2
O96013|O96013-3
O96013|O96013-4
Q9NQU5|Q9NQU5-1
Q9NQU5|Q9NQU5-2
Q96KB5|Q96KB5-1
Q96KB5|Q96KB5-2
Q9H2G2|Q9H2G2-1
Q9H2G2|Q9H2G2-2
Q9Y6E0|Q9Y6E0-1
Q9Y6E0|Q9Y6E0-2
O00506|O00506-1
O00506|O00506-2
O00506|O00506-3
Q9P289|Q9P289-1
Q9P289|Q9P289-2
Q9P289|Q9P289-3
Q13188|Q13188-1
Q13188|Q13188-2
Q9UEW8|Q9UEW8-1
Q9UEW8|Q9UEW8-2
Q13043|Q13043-1
Q13043|Q13043-2
Q7RTN6|Q7RTN6-1
Q7RTN6|Q7RTN6-2
Q7RTN6|Q7RTN6-3
Q7RTN6|Q7RTN6-4
Q7RTN6|Q7RTN6-5
Q7RTN6|Q7RTN6-6
Q9C0K7|Q9C0K7-1
Q9C0K7|Q9C0K7-2
Q9C0K7|Q9C0K7-3
Q7L7X3|Q7L7X3-1
Q7L7X3|Q7L7X3-2
Q7L7X3|Q7L7X3-3
Q9UL54|Q9UL54-1
Q9UL54|Q9UL54-2
Q9UL54|Q9UL54-3
Q9UL54|Q9UL54-4
Q9UKE5|Q9UKE5-1
Q9UKE5|Q9UKE5-2
Q9UKE5|Q9UKE5-3
Q9UKE5|Q9UKE5-4
Q9UKE5|Q9UKE5-5
Q9UKE5|Q9UKE5-6
Q9UKE5|Q9UKE5-7
Q9UKE5|Q9UKE5-8
P36896|P36896-1
P36896|P36896-2
P36896|P36896-3
P36896|P36896-4
P36896|P36896-5
Q8NER5|Q8NER5-1
Q8NER5|Q8NER5-2
Q8NER5|Q8NER5-3
Q8NER5|Q8NER5-4
P27037|P27037-1
P27037|P27037-2
Q16671|Q16671-1
Q16671|Q16671-2
Q16671|Q16671-3
P10398|P10398-1
P10398|P10398-2
O00238|O00238-1
O00238|O00238-2
Q13873|Q13873-1
Q13873|Q13873-2
Q13418|Q13418-1
Q13418|Q13418-2
Q13418|Q13418-3
P51617|P51617-1
P51617|P51617-2
P51617|P51617-3
P51617|P51617-4
Q9Y616|Q9Y616-1
Q9Y616|Q9Y616-2
Q9NWZ3|Q9NWZ3-1
Q9NWZ3|Q9NWZ3-2
Q8IVT5|Q8IVT5-1
Q8IVT5|Q8IVT5-2
Q8IVT5|Q8IVT5-3
Q8IVT5|Q8IVT5-4
Q6VAB6|Q6VAB6-1
Q6VAB6|Q6VAB6-2
P53667|P53667-1
P53667|P53667-2
P53667|P53667-3
P53667|P53667-4
P53671|P53671-1
P53671|P53671-2
P53671|P53671-3
Q38SD2|Q38SD2-1
Q38SD2|Q38SD2-2
P04049|P04049-1
P04049|P04049-2
Q13546|Q13546-1
Q13546|Q13546-2
O43353|O43353-1
O43353|O43353-2
Q9Y572|Q9Y572-1
Q9Y572|Q9Y572-2
Q9Y572|Q9Y572-3
P57078|P57078-1
P57078|P57078-2
Q96S53|Q96S53-1
Q96S53|Q96S53-2
Q96S53|Q96S53-3
P36897|P36897-1
P36897|P36897-2
P36897|P36897-3
P37173|P37173-1
P37173|P37173-2
Q59H18|Q59H18-2
Q59H18|Q59H18-1
Q59H18|Q59H18-3
Q59H18|Q59H18-4
Q6ZMQ8|Q6ZMQ8-1
Q6ZMQ8|Q6ZMQ8-2
Q6ZMQ8|Q6ZMQ8-3
P00519|P00519-1
P00519|P00519-2
P42684|P42684-1
P42684|P42684-2
P42684|P42684-3
P42684|P42684-4
P42684|P42684-5
P42684|P42684-6
P42684|P42684-7
P42684|P42684-10
P42684|P42684-8
P30530|P30530-1
P30530|P30530-2
Q06187|Q06187-1
Q06187|Q06187-2
P07333|P07333-1
P07333|P07333-2
Q08345|Q08345-1
Q08345|Q08345-2
Q08345|Q08345-4
Q08345|Q08345-5
Q08345|Q08345-6
P00533|P00533-1
P00533|P00533-2
P00533|P00533-3
P00533|P00533-4
P21709|P21709-1
P21709|P21709-2
P21709|P21709-3
Q5JZY3|Q5JZY3-1
Q5JZY3|Q5JZY3-2
Q5JZY3|Q5JZY3-3
P29317|P29317-1
P29317|P29317-2
P29320|P29320-1
P29320|P29320-2
P54764|P54764-1
P54764|P54764-2
P54756|P54756-1
P54756|P54756-2
P54756|P54756-3
Q9UF33|Q9UF33-1
Q9UF33|Q9UF33-2
Q9UF33|Q9UF33-3
Q15375|Q15375-1
Q15375|Q15375-2
Q15375|Q15375-3
Q15375|Q15375-4
Q15375|Q15375-5
P29322|P29322-1
P29322|P29322-2
P54762|P54762-1
P54762|P54762-5
P54762|P54762-6
P29323|P29323-1
P29323|P29323-2
P29323|P29323-3
P54760|P54760-1
P54760|P54760-2
P54760|P54760-3
P54760|P54760-4
O15197|O15197-1
O15197|O15197-2
O15197|O15197-3
P04626|P04626-1
P04626|P04626-2
P04626|P04626-3
P04626|P04626-4
P04626|P04626-5
P04626|P04626-6
P21860|P21860-1
P21860|P21860-2
P21860|P21860-3
P21860|P21860-4
P21860|P21860-5
Q15303|Q15303-1
Q15303|Q15303-2
Q15303|Q15303-3
Q15303|Q15303-4
P16591|P16591-1
P16591|P16591-2
P16591|P16591-3
P07332|P07332-1
P07332|P07332-2
P07332|P07332-3
P07332|P07332-4
P11362|P11362-1
P11362|P11362-8
P11362|P11362-17
P11362|P11362-2
P11362|P11362-9
P11362|P11362-3
P11362|P11362-10
P11362|P11362-4
P11362|P11362-11
P11362|P11362-5
P11362|P11362-12
P11362|P11362-6
P11362|P11362-13
P11362|P11362-7
P11362|P11362-14
P11362|P11362-15
P11362|P11362-16
P11362|P11362-18
P11362|P11362-19
P11362|P11362-20
P11362|P11362-21
P21802|P21802-1
P21802|P21802-2
P21802|P21802-3
P21802|P21802-4
P21802|P21802-5
P21802|P21802-6
P21802|P21802-7
P21802|P21802-8
P21802|P21802-9
P21802|P21802-10
P21802|P21802-11
P21802|P21802-12
P21802|P21802-13
P21802|P21802-14
P21802|P21802-15
P21802|P21802-16
P21802|P21802-17
P21802|P21802-18
P21802|P21802-19
P21802|P21802-20
P21802|P21802-21
P21802|P21802-22
P21802|P21802-23
P22607|P22607-1
P22607|P22607-2
P22607|P22607-3
P22607|P22607-4
P22455|P22455-1
P22455|P22455-2
P22455|P22455-3
P17948|P17948-1
P17948|P17948-2
P17948|P17948-3
P17948|P17948-4
P17948|P17948-5
P17948|P17948-6
P17948|P17948-7
P17948|P17948-8
P36888|P36888-1
P36888|P36888-2
P35916|P35916-2
P35916|P35916-1
P35916|P35916-3
P42685|P42685-1
P42685|P42685-2
P06241|P06241-1
P06241|P06241-2
P06241|P06241-3
P08631|P08631-1
P08631|P08631-2
P08631|P08631-3
P08631|P08631-4
P06213|P06213-1
P06213|P06213-2
P52333|P52333-1
P52333|P52333-2
P52333|P52333-4
P35968|P35968-1
P35968|P35968-2
P35968|P35968-3
P10721|P10721-1
P10721|P10721-2
P10721|P10721-3
P06239|P06239-1
P06239|P06239-2
P06239|P06239-3
P29376|P29376-1
P29376|P29376-2
P29376|P29376-3
P29376|P29376-4
P29376|P29376-5
P07948|P07948-1
P07948|P07948-2
P42679|P42679-1
P42679|P42679-2
P42679|P42679-3
P08581|P08581-1
P08581|P08581-2
P08581|P08581-3
Q04912|Q04912-1
Q04912|Q04912-2
Q04912|Q04912-3
Q04912|Q04912-4
Q04912|Q04912-5
Q04912|Q04912-6
Q04912|Q04912-7
O15146|O15146-1
O15146|O15146-2
O15146|O15146-3
P04629|P04629-1
P04629|P04629-2
P04629|P04629-3
P04629|P04629-4
Q16620|Q16620-1
Q16620|Q16620-2
Q16620|Q16620-3
Q16620|Q16620-4
Q16620|Q16620-5
Q16620|Q16620-6
Q16620|Q16620-7
Q16288|Q16288-1
Q16288|Q16288-2
Q16288|Q16288-3
Q16288|Q16288-4
Q16288|Q16288-5
P16234|P16234-1
P16234|P16234-2
P16234|P16234-3
P09619|P09619-1
P09619|P09619-2
Q05397|Q05397-1
Q05397|Q05397-2
Q05397|Q05397-3
Q05397|Q05397-4
Q05397|Q05397-5
Q05397|Q05397-6
Q05397|Q05397-7
Q14289|Q14289-1
Q14289|Q14289-2
Q13882|Q13882-1
Q13882|Q13882-2
Q13308|Q13308-1
Q13308|Q13308-2
Q13308|Q13308-3
Q13308|Q13308-4
Q13308|Q13308-5
Q13308|Q13308-6
P07949|P07949-1
P07949|P07949-2
Q01973|Q01973-1
Q01973|Q01973-2
Q01973|Q01973-3
P34925|P34925-1
P34925|P34925-2
P12931|P12931-1
P12931|P12931-2
P43405|P43405-1
P43405|P43405-2
Q02763|Q02763-1
Q02763|Q02763-2
Q02763|Q02763-3
P35590|P35590-1
P35590|P35590-2
P35590|P35590-3
Q13470|Q13470-1
Q13470|Q13470-2
Q07912|Q07912-1
Q07912|Q07912-2
Q07912|Q07912-3
P43403|P43403-1
P43403|P43403-2
P43403|P43403-3
Q2M2I8|Q2M2I8-1
Q2M2I8|Q2M2I8-2
Q96GD4|Q96GD4-1
Q96GD4|Q96GD4-2
Q96GD4|Q96GD4-3
Q96GD4|Q96GD4-4
Q96GD4|Q96GD4-5
Q9UQB9|Q9UQB9-1
Q9UQB9|Q9UQB9-2
Q9UQB9|Q9UQB9-3
Q9NSY1|Q9NSY1-1
Q9NSY1|Q9NSY1-2
Q9NSY1|Q9NSY1-3
O43683|O43683-1
O43683|O43683-2
O43683|O43683-3
O60566|O60566-1
O60566|O60566-2
O60566|O60566-3
Q8N5S9|Q8N5S9-1
Q8N5S9|Q8N5S9-2
Q96RR4|Q96RR4-1
Q96RR4|Q96RR4-2
Q96RR4|Q96RR4-3
Q96RR4|Q96RR4-4
Q96RR4|Q96RR4-5
Q96RR4|Q96RR4-6
Q96RR4|Q96RR4-7
O00311|O00311-1
P68400|P68400-1
P68400|P68400-2
Q6XUX3|Q6XUX3-1
Q6XUX3|Q6XUX3-2
Q6XUX3|Q6XUX3-3
Q6XUX3|Q6XUX3-4
Q9BQI3|Q9BQI3-1
Q9BQI3|Q9BQI3-2
P19525|P19525-1
P19525|P19525-2
Q9P2K8|Q9P2K8-1
Q9P2K8|Q9P2K8-2
Q9P2K8|Q9P2K8-3
O75460|O75460-1
O75460|O75460-2
O14976|O14976-1
O14976|O14976-2
Q8TF76|Q8TF76-1
Q8TF76|Q8TF76-2
O14920|O14920-1
O14920|O14920-2
O14920|O14920-3
O14920|O14920-4
Q14164|Q14164-1
Q14164|Q14164-2
Q8NB16|Q8NB16-1
Q8NB16|Q8NB16-2
Q9NSY0|Q9NSY0-3
Q9NSY0|Q9NSY0-2
Q9NSY0|Q9NSY0-4
Q9NSY0|Q9NSY0-5
Q58A45|Q58A45-1
Q58A45|Q58A45-2
Q58A45|Q58A45-3
Q58A45|Q58A45-4
Q9BXM7|Q9BXM7-1
Q9BXM7|Q9BXM7-2
Q99640|Q99640-1
Q99640|Q99640-2
Q99640|Q99640-3
Q99640|Q99640-4
O00444|O00444-1
O00444|O00444-2
O00444|O00444-3
Q496M5|Q496M5-1
Q496M5|Q496M5-2
Q7Z7A4|Q7Z7A4-1
Q7Z7A4|Q7Z7A4-2
Q7Z7A4|Q7Z7A4-3
Q7Z7A4|Q7Z7A4-4
Q7Z7A4|Q7Z7A4-5
Q7Z7A4|Q7Z7A4-6
Q7Z7A4|Q7Z7A4-7
Q05823|Q05823-1
Q05823|Q05823-2
Q96S38|Q96S38-1
Q96S38|Q96S38-2
Q9Y6S9|Q9Y6S9-1
Q9Y6S9|Q9Y6S9-2
Q9Y6S9|Q9Y6S9-4
Q96LW2|Q96LW2-1
Q96LW2|Q96LW2-2
Q96LW2|Q96LW2-3
Q96KG9|Q96KG9-1
Q96KG9|Q96KG9-2
Q96KG9|Q96KG9-3
Q96KG9|Q96KG9-4
Q96KG9|Q96KG9-5
Q96KG9|Q96KG9-6
Q8IZE3|Q8IZE3-1
Q8IZE3|Q8IZE3-2
Q9BXU1|Q9BXU1-1
Q9BXU1|Q9BXU1-2
Q9BXU1|Q9BXU1-3
Q8WU08|Q8WU08-1
Q8WU08|Q8WU08-2
Q8WU08|Q8WU08-3
Q9NY57|Q9NY57-1
Q9NY57|Q9NY57-2
Q86UX6|Q86UX6-1
Q86UX6|Q86UX6-2
Q9NRP7|Q9NRP7-1
Q9NRP7|Q9NRP7-2
Q8NE28|Q8NE28-1
Q8NE28|Q8NE28-2
Q8NE28|Q8NE28-3
Q8TEA7|Q8TEA7-1
Q8TEA7|Q8TEA7-2
Q8TEA7|Q8TEA7-3
Q8IWB6|Q8IWB6-1
Q8IWB6|Q8IWB6-2
Q8IWB6|Q8IWB6-3
Q9UKI8|Q9UKI8-1
Q9UKI8|Q9UKI8-2
Q9UKI8|Q9UKI8-3
Q9UKI8|Q9UKI8-4
Q9UKI8|Q9UKI8-5
Q86UE8|Q86UE8-1
Q86UE8|Q86UE8-2
Q86UE8|Q86UE8-3
P33981|P33981-1
P33981|P33981-2
Q8TAS1|Q8TAS1-1
Q8TAS1|Q8TAS1-2
Q8TAS1|Q8TAS1-3
Q6PHR2|Q6PHR2-1
Q6PHR2|Q6PHR2-2
Q6PHR2|Q6PHR2-3
Q6PHR2|Q6PHR2-4
P30291|P30291-1
P30291|P30291-2
Q9H4A3|Q9H4A3-1
Q9H4A3|Q9H4A3-2
Q9H4A3|Q9H4A3-4
Q9H4A3|Q9H4A3-5
Q9H4A3|Q9H4A3-6
Q9H4A3|Q9H4A3-7
Q9Y3S1|Q9Y3S1-1
Q9Y3S1|Q9Y3S1-2
Q9Y3S1|Q9Y3S1-3
Q9Y3S1|Q9Y3S1-4
Q9BYP7|Q9BYP7-1
Q9BYP7|Q9BYP7-2
Q9BYP7|Q9BYP7-3
Q9BYP7|Q9BYP7-4
Q96J92|Q96J92-1
Q96J92|Q96J92-2
Q96J92|Q96J92-3
Q86TW2|Q86TW2-1
Q86TW2|Q86TW2-2
Q86TW2|Q86TW2-3
Q8NI60|Q8NI60-1
Q8NI60|Q8NI60-2
Q8NI60|Q8NI60-3
Q8NI60|Q8NI60-4
Q96D53|Q96D53-1
Q96D53|Q96D53-2
Q96QP1|Q96QP1-1
Q96QP1|Q96QP1-2
Q9BX84|Q9BX84-1
Q9BX84|Q9BX84-2
Q9BX84|Q9BX84-3
Q9BX84|Q9BX84-4
Q9BX84|Q9BX84-5
Q9BX84|Q9BX84-6
Q9BX84|Q9BX84-7
Q14296|Q14296-1
Q14296|Q14296-2
Q14296|Q14296-3
Q14296|Q14296-4
O14874|O14874-1
O14874|O14874-2
O14874|O14874-3
Q15118|Q15118-1
Q15118|Q15118-2
Q15119|Q15119-1
Q15119|Q15119-2
Q15120|Q15120-1
Q15120|Q15120-2
Q13535|Q13535-1
Q13535|Q13535-2
Q13535|Q13535-3
O00329|O00329-1
O00329|O00329-2
P78527|P78527-1
P78527|P78527-2
Q96Q15|Q96Q15-1
Q96Q15|Q96Q15-2
Q96Q15|Q96Q15-3
Q96Q15|Q96Q15-4
Q9BVS4|Q9BVS4-1
Q9BVS4|Q9BVS4-2
O14730|O14730-1
O14730|O14730-2
